hand_x0,hand_y0,hand_x1,hand_y1,hand_x2,hand_y2,hand_x3,hand_y3,hand_x4,hand_y4,hand_x5,hand_y5,hand_x6,hand_y6,hand_x7,hand_y7,hand_x8,hand_y8,hand_x9,hand_y9,hand_x10,hand_y10,hand_x11,hand_y11,hand_x12,hand_y12,hand_x13,hand_y13,hand_x14,hand_y14,hand_x15,hand_y15,hand_x16,hand_y16,hand_x17,hand_y17,hand_x18,hand_y18,hand_x19,hand_y19,hand_x20,hand_y20,face_x1,face_y1,face_x61,face_y61,face_x291,face_y291,face_x0,face_y0,face_x39,face_y39,face_x269,face_y269,face_x13,face_y13,face_x14,face_y14,face_x17,face_y17,etiket
0.6814730614423752,-0.02384132146835327,0.630708321928978,-0.033769071102142334,0.5776542276144028,-0.0782354474067688,0.5619828552007675,-0.1394052505493164,0.5915993899106979,-0.1583208441734314,0.5887409299612045,-0.14408129453659058,0.5795947760343552,-0.16977524757385254,0.591278538107872,-0.14315378665924072,0.5969785302877426,-0.14408928155899048,0.6213862150907516,-0.16023731231689453,0.6205323785543442,-0.16549038887023926,0.6310922354459763,-0.1049148440361023,0.6253363341093063,-0.11791390180587769,0.6511478871107101,-0.16655880212783813,0.6541567295789719,-0.1570541262626648,0.6588619202375412,-0.10369527339935303,0.653277799487114,-0.1156814694404602,0.681818351149559,-0.16865074634552002,0.680447444319725,-0.15283721685409546,0.681790754199028,-0.11848199367523193,0.6804888099431992,-0.12561333179473877,0.0,0.0,-0.03885047137737274,0.06076091527938843,0.04083552956581116,0.05457180738449097,0.0010842829942703247,0.046095848083496094,-0.022559642791748047,0.04883623123168945,0.024393081665039062,0.0451468825340271,0.0012980103492736816,0.05748683214187622,0.0014591217041015625,0.0587846040725708,0.001805335283279419,0.07642316818237305,Yumruk_Yuzden_Uzak
0.6535361856222153,-0.039741456508636475,0.6066701859235764,-0.08481323719024658,0.5728621333837509,-0.14007633924484253,0.5631186217069626,-0.18767201900482178,0.585491344332695,-0.1991000771522522,0.6354895085096359,-0.1973603367805481,0.6038014143705368,-0.20735979080200195,0.6005624383687973,-0.1746273934841156,0.6071759313344955,-0.16275179386138916,0.6616222709417343,-0.19672590494155884,0.6215196698904037,-0.18923789262771606,0.6235387176275253,-0.14387911558151245,0.6379252523183823,-0.1371544599533081,0.6849363893270493,-0.18841594457626343,0.6421056836843491,-0.1761971116065979,0.6444031447172165,-0.1328248381614685,0.6587993949651718,-0.12648755311965942,0.7052789181470871,-0.17160165309906006,0.6628768295049667,-0.16586673259735107,0.6625584810972214,-0.1341170072555542,0.6758382767438889,-0.12471622228622437,0.0,0.0,-0.038615256547927856,0.061398208141326904,0.040004149079322815,0.05531054735183716,0.0009676367044448853,0.0462723970413208,-0.022398844361305237,0.04914665222167969,0.02387729287147522,0.04554945230484009,0.0010742992162704468,0.05771714448928833,0.0012516379356384277,0.05884861946105957,0.001546323299407959,0.07651430368423462,Yumruk_Yuzden_Uzak
0.6634462773799896,-0.03598988056182861,0.6792176067829132,-0.1031789779663086,0.6731530725955963,-0.1715819537639618,0.6422288119792938,-0.2158638834953308,0.6127978265285492,-0.2337799072265625,0.7082038819789886,-0.21539399027824402,0.6298902332782745,-0.24661356210708618,0.6232521235942841,-0.2136150598526001,0.6398187577724457,-0.20023328065872192,0.698237270116806,-0.20390215516090393,0.6095505058765411,-0.2199050486087799,0.6131850183010101,-0.18672293424606323,0.6322425305843353,-0.17616668343544006,0.6786122024059296,-0.1837492287158966,0.5970887839794159,-0.1964341104030609,0.6022339761257172,-0.16152465343475342,0.6210090219974518,-0.15067195892333984,0.6546237170696259,-0.15960735082626343,0.5920602381229401,-0.15998953580856323,0.5954732596874237,-0.13382214307785034,0.6109019815921783,-0.126339852809906,0.0,0.0,-0.039214372634887695,0.05922430753707886,0.03916335105895996,0.05380755662918091,0.0004536360502243042,0.045131027698516846,-0.02295026183128357,0.047675907611846924,0.02331005036830902,0.04443717002868652,0.00045852363109588623,0.056326210498809814,0.0006240606307983398,0.057042062282562256,0.0007667839527130127,0.07447153329849243,Yumruk_Yuzden_Uzak
0.6302478164434433,-0.15319406986236572,0.5914202183485031,-0.16610443592071533,0.5617049187421799,-0.1825147271156311,0.5661473125219345,-0.16434502601623535,0.5909455865621567,-0.14686161279678345,0.6076441258192062,-0.29035764932632446,0.6048227995634079,-0.1963665783405304,0.5948114842176437,-0.17386698722839355,0.5943590849637985,-0.1909601390361786,0.6459027975797653,-0.2799525558948517,0.6337949484586716,-0.17818838357925415,0.6209910362958908,-0.1716456413269043,0.6207710355520248,-0.198531836271286,0.6765026301145554,-0.2549781799316406,0.6569347828626633,-0.16075009107589722,0.6416628211736679,-0.15983527898788452,0.6397777646780014,-0.1881115436553955,0.699706956744194,-0.2245447039604187,0.6789181083440781,-0.15814483165740967,0.6640308350324631,-0.15368133783340454,0.6602371782064438,-0.17398375272750854,0.0,0.0,-0.03980885446071625,0.05995678901672363,0.03968365490436554,0.05452430248260498,0.0004543513059616089,0.045638859272003174,-0.023240312933921814,0.04818457365036011,0.02358981966972351,0.04501748085021973,0.0004633963108062744,0.05700349807739258,0.0005978047847747803,0.05790489912033081,0.0007589459419250488,0.07549107074737549,Yumruk_Yuzden_Uzak
0.6188211888074875,-0.16074293851852417,0.576182946562767,-0.13994455337524414,0.5424499362707138,-0.12023353576660156,0.5600170940160751,-0.08303046226501465,0.6002926081418991,-0.07461637258529663,0.5731564611196518,-0.2278314232826233,0.593145951628685,-0.13237375020980835,0.5851026624441147,-0.13194310665130615,0.5821757763624191,-0.1524321436882019,0.6173019856214523,-0.2408934235572815,0.6237942427396774,-0.1107061505317688,0.6117881387472153,-0.12607407569885254,0.6056791990995407,-0.16235166788101196,0.6548899263143539,-0.23343515396118164,0.6501475423574448,-0.11140137910842896,0.6365249007940292,-0.1293737292289734,0.632076308131218,-0.16397273540496826,0.68460313975811,-0.21822011470794678,0.6728843301534653,-0.13214117288589478,0.6584049314260483,-0.14462733268737793,0.6506395190954208,-0.1728377640247345,0.0,0.0,-0.03846248984336853,0.06044292449951172,0.040380775928497314,0.05520576238632202,0.0009307712316513062,0.04558044672012329,-0.022498875856399536,0.04822647571563721,0.024106517434120178,0.04509681463241577,0.0011505037546157837,0.05715090036392212,0.0013662278652191162,0.05847102403640747,0.0016926229000091553,0.07635217905044556,Yumruk_Yuzden_Uzak
0.5587945580482483,-0.18133330345153809,0.5911798477172852,-0.1312648057937622,0.648296594619751,-0.10970109701156616,0.7037495970726013,-0.10966062545776367,0.7399837374687195,-0.134321928024292,0.6689324378967285,-0.23624500632286072,0.7223737239837646,-0.1605384349822998,0.6906057596206665,-0.13727021217346191,0.6697762608528137,-0.15336865186691284,0.6667889356613159,-0.2635307013988495,0.7165837287902832,-0.1763433814048767,0.6864408850669861,-0.15447497367858887,0.66717928647995,-0.16953909397125244,0.6628743410110474,-0.2718244791030884,0.7090640068054199,-0.1884295642375946,0.6830872297286987,-0.1704983115196228,0.665829598903656,-0.185574471950531,0.6591181755065918,-0.27053964138031006,0.6985622644424438,-0.20401787757873535,0.6786907315254211,-0.1888841688632965,0.6620609164237976,-0.20075365900993347,0.0,0.0,-0.03910912573337555,0.05848348140716553,0.0411754846572876,0.05232274532318115,0.0010986477136611938,0.04435044527053833,-0.02275756001472473,0.046959102153778076,0.024632364511489868,0.043399035930633545,0.0013161897659301758,0.05514460802078247,0.001478627324104309,0.056340813636779785,0.001870870590209961,0.07336282730102539,Yumruk_Yuzden_Uzak
0.5814956426620483,-0.1907605528831482,0.609375,-0.15431654453277588,0.6611420512199402,-0.14596009254455566,0.7066418528556824,-0.1509379744529724,0.7395707964897156,-0.16335982084274292,0.6555747985839844,-0.2591751217842102,0.7065366506576538,-0.21632906794548035,0.7077456712722778,-0.1838478446006775,0.7039569020271301,-0.1771146059036255,0.6591655611991882,-0.2823401689529419,0.7075501084327698,-0.22045159339904785,0.6923807859420776,-0.19376933574676514,0.6753721237182617,-0.20064330101013184,0.6617991924285889,-0.2881019413471222,0.7051670551300049,-0.22877022624015808,0.6872333884239197,-0.2059973180294037,0.670474112033844,-0.21418210864067078,0.6612588763237,-0.2841932773590088,0.6995355486869812,-0.2346976101398468,0.6869402527809143,-0.21513226628303528,0.6718510389328003,-0.21938976645469666,0.0,0.0,-0.03929866850376129,0.058369219303131104,0.04079331457614899,0.05207681655883789,0.0008701682090759277,0.04411119222640991,-0.02304786443710327,0.04674893617630005,0.024450331926345825,0.04303765296936035,0.0010752379894256592,0.055019378662109375,0.0012308359146118164,0.05630671977996826,0.0016079246997833252,0.07372516393661499,Yumruk_Yuzden_Uzak
0.6178075820207596,-0.09395956993103027,0.6277361065149307,-0.12407141923904419,0.6283829361200333,-0.17656660079956055,0.6379198580980301,-0.22918206453323364,0.6454108506441116,-0.2665093243122101,0.5610055476427078,-0.22167524695396423,0.6126032024621964,-0.27886539697647095,0.6401418000459671,-0.2508879005908966,0.6436449438333511,-0.22504442930221558,0.5700687915086746,-0.23011311888694763,0.6227110773324966,-0.2638707458972931,0.6338513046503067,-0.21986714005470276,0.6185628920793533,-0.19242194294929504,0.5848013311624527,-0.23543140292167664,0.6284544616937637,-0.2628367245197296,0.6331989914178848,-0.22356131672859192,0.6184686571359634,-0.1996733546257019,0.5984589606523514,-0.23962920904159546,0.6283708959817886,-0.2621321678161621,0.6336647421121597,-0.23483461141586304,0.625107541680336,-0.21606677770614624,0.0,0.0,-0.038225650787353516,0.060294389724731445,0.04061947762966156,0.05360382795333862,0.0011622309684753418,0.04509150981903076,-0.022289514541625977,0.048110127449035645,0.02437742054462433,0.04418313503265381,0.001398712396621704,0.05617552995681763,0.0015568584203720093,0.057746827602386475,0.0019247084856033325,0.07496297359466553,Yumruk_Yuzden_Uzak
0.6815480589866638,-0.10319948196411133,0.6239389777183533,-0.1410476565361023,0.583671510219574,-0.19867286086082458,0.5617107152938843,-0.2400769293308258,0.5734552145004272,-0.23364096879959106,0.645950436592102,-0.2895068824291229,0.5858650803565979,-0.2607284188270569,0.5961099863052368,-0.23154175281524658,0.6136580109596252,-0.23220700025558472,0.665871798992157,-0.2804388105869293,0.6000062823295593,-0.23499032855033875,0.6124386787414551,-0.20886015892028809,0.6287673115730286,-0.21114638447761536,0.679467499256134,-0.25561368465423584,0.6165068745613098,-0.21017566323280334,0.6274699568748474,-0.1851823329925537,0.6432011127471924,-0.18952929973602295,0.6881305575370789,-0.22134068608283997,0.6365725994110107,-0.18125411868095398,0.6443355679512024,-0.1607791781425476,0.6592172384262085,-0.16276007890701294,0.0,0.0,-0.03760799765586853,0.061809003353118896,0.04048968851566315,0.05504775047302246,0.0013935118913650513,0.04578298330307007,-0.021808087825775146,0.04899144172668457,0.0243721604347229,0.045045673847198486,0.0016013234853744507,0.057216644287109375,0.0017034411430358887,0.058743953704833984,0.002005279064178467,0.07623988389968872,Yumruk_Yuzden_Uzak
0.6792470216751099,-0.10150009393692017,0.646453857421875,-0.16112351417541504,0.5865235328674316,-0.18913856148719788,0.5353631377220154,-0.17818742990493774,0.5054662227630615,-0.1476486325263977,0.565601110458374,-0.2384350597858429,0.5141533017158508,-0.17764940857887268,0.5327703952789307,-0.15877997875213623,0.550209105014801,-0.1665433645248413,0.562989354133606,-0.204659104347229,0.5189090967178345,-0.1398109793663025,0.5400668978691101,-0.1318359375,0.5577787160873413,-0.1434769630432129,0.5651401281356812,-0.16113728284835815,0.5315895676612854,-0.1057274341583252,0.5526676177978516,-0.10231274366378784,0.5683467984199524,-0.11506128311157227,0.5698316097259521,-0.11600244045257568,0.5492621660232544,-0.08024191856384277,0.5672009587287903,-0.07546210289001465,0.5791887044906616,-0.08376622200012207,0.0,0.0,-0.0389704555273056,0.05501699447631836,0.04049135744571686,0.049999892711639404,0.0006083548069000244,0.042967915534973145,-0.022890090942382812,0.044974684715270996,0.024045735597610474,0.042031943798065186,0.000825732946395874,0.05323958396911621,0.0009306222200393677,0.05395841598510742,0.001154184341430664,0.07042783498764038,Yumruk_Yuzden_Uzak
0.5560092329978943,-0.01807194948196411,0.6057438254356384,-0.0715329647064209,0.6216333508491516,-0.1409326195716858,0.603682279586792,-0.18795812129974365,0.5696852207183838,-0.20016580820083618,0.6380773186683655,-0.19200599193572998,0.5952226519584656,-0.23004496097564697,0.5885826349258423,-0.19793596863746643,0.5949236154556274,-0.17071670293807983,0.6004651784896851,-0.196823388338089,0.567249059677124,-0.21881109476089478,0.5631402134895325,-0.18742308020591736,0.5688521862030029,-0.160100519657135,0.559150755405426,-0.18851006031036377,0.5367927551269531,-0.19791126251220703,0.5381151437759399,-0.16975921392440796,0.5466057062149048,-0.14558279514312744,0.5203239917755127,-0.17513719201087952,0.5113465189933777,-0.17528417706489563,0.513564944267273,-0.1478295922279358,0.5196536183357239,-0.1289876103401184,0.0,0.0,-0.04238824546337128,0.05402714014053345,0.039033740758895874,0.05199390649795532,-0.0006382465362548828,0.044413626194000244,-0.0248270183801651,0.04509192705154419,0.022721484303474426,0.043824970722198486,-0.0009185224771499634,0.054728686809539795,-0.0007308721542358398,0.05487501621246338,-0.0008771419525146484,0.07170236110687256,Yumruk_Yuzden_Uzak
0.6383938193321228,-0.052054762840270996,0.589243471622467,-0.08740735054016113,0.5529597997665405,-0.16648882627487183,0.5578911900520325,-0.23361283540725708,0.5950531959533691,-0.22980579733848572,0.5986518859863281,-0.22497805953025818,0.5847970247268677,-0.2430870532989502,0.5834125280380249,-0.20045605301856995,0.5934785008430481,-0.20293450355529785,0.6334589719772339,-0.22450602054595947,0.6175575256347656,-0.22581321001052856,0.6084692478179932,-0.163810133934021,0.6166092157363892,-0.1718648374080658,0.6631103157997131,-0.2120968997478485,0.6453706622123718,-0.1942688226699829,0.6335791945457458,-0.1421518325805664,0.6420371532440186,-0.15320217609405518,0.6925879120826721,-0.19244807958602905,0.6693233251571655,-0.1736232042312622,0.6598036289215088,-0.13916319608688354,0.6669767498970032,-0.14437896013259888,0.0,0.0,-0.039332613348960876,0.05813401937484741,0.04086621105670929,0.051839470863342285,0.000987127423286438,0.04482227563858032,-0.022757887840270996,0.04719060659408569,0.02431584894657135,0.043430328369140625,0.0011092424392700195,0.055492937564849854,0.0012743622064590454,0.05644941329956055,0.0015678107738494873,0.07343852519989014,Yumruk_Yuzden_Uzak
0.6140940636396408,-0.08167880773544312,0.6389789432287216,-0.10139131546020508,0.6636834591627121,-0.1560894250869751,0.693089947104454,-0.20417317748069763,0.7093268483877182,-0.23617121577262878,0.6008802503347397,-0.24026334285736084,0.6815823763608932,-0.24668675661087036,0.6816549152135849,-0.2005411684513092,0.6605061739683151,-0.18410909175872803,0.6039513200521469,-0.24171507358551025,0.6841345280408859,-0.24343964457511902,0.6777049154043198,-0.19281470775604248,0.6565305441617966,-0.17505043745040894,0.6137981861829758,-0.2350006103515625,0.6851517409086227,-0.23897776007652283,0.6776782125234604,-0.19492539763450623,0.6553199738264084,-0.18142279982566833,0.6286047548055649,-0.22165068984031677,0.676856741309166,-0.22869214415550232,0.6730317324399948,-0.19452735781669617,0.6565966457128525,-0.18193218111991882,0.0,0.0,-0.03892041742801666,0.05578756332397461,0.039403483271598816,0.04982900619506836,0.000614657998085022,0.04407393932342529,-0.02271200716495514,0.0459442138671875,0.023444339632987976,0.04238027334213257,0.0007061511278152466,0.054509878158569336,0.000941351056098938,0.05493283271789551,0.0012152940034866333,0.07202398777008057,Yumruk_Yuzden_Uzak
0.6035476177930832,-0.09666818380355835,0.6371094435453415,-0.05377602577209473,0.6989419907331467,-0.026116907596588135,0.7559285014867783,-0.010093390941619873,0.7960543483495712,-0.022734642028808594,0.7256529182195663,-0.14878565073013306,0.769790455698967,-0.058276355266571045,0.7398915141820908,-0.03916424512863159,0.7205206006765366,-0.05933403968811035,0.7224000543355942,-0.16607308387756348,0.764953538775444,-0.07269084453582764,0.7370000928640366,-0.05679196119308472,0.7174078077077866,-0.07733416557312012,0.7164389342069626,-0.1669517159461975,0.7553407400846481,-0.082558274269104,0.7301157563924789,-0.06660300493240356,0.7126458138227463,-0.08385658264160156,0.7100137323141098,-0.1609441041946411,0.7445847243070602,-0.09277218580245972,0.7255539745092392,-0.078793466091156,0.709456667304039,-0.0922398567199707,0.0,0.0,-0.039236798882484436,0.05780452489852905,0.03982768952846527,0.051348865032196045,0.0007002353668212891,0.04440218210220337,-0.02307000756263733,0.046830058097839355,0.02388302981853485,0.04281413555145264,0.0008805245161056519,0.05571186542510986,0.0011897832155227661,0.055888354778289795,0.0016250759363174438,0.07402372360229492,Yumruk_Yuzden_Uzak
-0.735128678381443,-0.14424610137939453,-0.6924616098403931,-0.1598583459854126,-0.6427270472049713,-0.21690431237220764,-0.6486408114433289,-0.2878870666027069,-0.6818622648715973,-0.31813278794288635,-0.6552688926458359,-0.2767969071865082,-0.6524862051010132,-0.3142196834087372,-0.6679746955633163,-0.28832975029945374,-0.6846878528594971,-0.2777886986732483,-0.6892837733030319,-0.2911820411682129,-0.7000933587551117,-0.2990444600582123,-0.6982825994491577,-0.23409363627433777,-0.6913570761680603,-0.23395702242851257,-0.7204713374376297,-0.29474884271621704,-0.7337188795208931,-0.2883504629135132,-0.7250030338764191,-0.23173406720161438,-0.7177201211452484,-0.23412561416625977,-0.7534797042608261,-0.29059913754463196,-0.7577250748872757,-0.275407075881958,-0.7515867426991463,-0.23472046852111816,-0.7489083707332611,-0.23413613438606262,0.0,0.0,-0.050923824310302734,0.054077744483947754,0.02988070249557495,0.06592303514480591,-0.006113171577453613,0.04777270555496216,-0.030992090702056885,0.045301735401153564,0.01620650291442871,0.052239179611206055,-0.00809544324874878,0.0592193603515625,-0.007930755615234375,0.06036794185638428,-0.009452104568481445,0.07809966802597046,Yumruk_Yuzden_Uzak
-0.6849384307861328,-0.13323116302490234,-0.6334475427865982,-0.19366240501403809,-0.6042284369468689,-0.2595122754573822,-0.5879693478345871,-0.3089347183704376,-0.5998536944389343,-0.3201940953731537,-0.6940725296735764,-0.3379685580730438,-0.6202512085437775,-0.33405402302742004,-0.6220237016677856,-0.2896842062473297,-0.6433624476194382,-0.2817519009113312,-0.7092566341161728,-0.327096164226532,-0.6223423928022385,-0.31429800391197205,-0.6272140145301819,-0.2689599096775055,-0.6470960378646851,-0.26521050930023193,-0.7125693559646606,-0.302807092666626,-0.6289727091789246,-0.2852230370044708,-0.6337020844221115,-0.24572741985321045,-0.6520077437162399,-0.2423343062400818,-0.7061415314674377,-0.27066782116889954,-0.6385178118944168,-0.25580674409866333,-0.6437659710645676,-0.22574564814567566,-0.6619207859039307,-0.2203417718410492,0.0,0.0,-0.04890632629394531,0.056020498275756836,0.032612740993499756,0.06702721118927002,-0.005064189434051514,0.048699378967285156,-0.029608070850372314,0.04652458429336548,0.017770707607269287,0.0529787540435791,-0.006510674953460693,0.06071192026138306,-0.006474673748016357,0.06300264596939087,-0.007747530937194824,0.08161228895187378,Yumruk_Yuzden_Uzak
-0.7317717522382736,-0.1308688521385193,-0.7272756993770599,-0.2130810022354126,-0.7115566954016685,-0.3056352138519287,-0.6806984096765518,-0.3582604229450226,-0.6631639003753662,-0.3387030363082886,-0.7839576601982117,-0.3264801800251007,-0.6993381083011627,-0.3588046431541443,-0.687168151140213,-0.3218010365962982,-0.7032912224531174,-0.30503904819488525,-0.7773535773158073,-0.29874399304389954,-0.6810369193553925,-0.321292519569397,-0.6776127070188522,-0.2860707938671112,-0.6967642456293106,-0.27536532282829285,-0.7593548595905304,-0.265995591878891,-0.6655993908643723,-0.28197774291038513,-0.6707927584648132,-0.25117579102516174,-0.6926362961530685,-0.24418723583221436,-0.7336267828941345,-0.23342904448509216,-0.6596628427505493,-0.24358302354812622,-0.6661310642957687,-0.21724435687065125,-0.6860690116882324,-0.20675110816955566,0.0,0.0,-0.048717379570007324,0.05365324020385742,0.03170454502105713,0.06385457515716553,-0.005067348480224609,0.04627418518066406,-0.029701590538024902,0.044288814067840576,0.01756441593170166,0.05020344257354736,-0.006693124771118164,0.057952821254730225,-0.00647813081741333,0.06008577346801758,-0.007833123207092285,0.07857072353363037,Yumruk_Yuzden_Uzak
-0.7630420923233032,-0.2748371362686157,-0.719692125916481,-0.2779272198677063,-0.6966882795095444,-0.27507340908050537,-0.7159383594989777,-0.232015460729599,-0.7462120056152344,-0.20333439111709595,-0.7472430467605591,-0.36137455701828003,-0.7384502738714218,-0.26296287775039673,-0.7289649695158005,-0.25820961594581604,-0.7271917685866356,-0.28075283765792847,-0.790996864438057,-0.3479447662830353,-0.7602631598711014,-0.23368605971336365,-0.743060439825058,-0.24561792612075806,-0.7416537553071976,-0.2776441276073456,-0.8194272071123123,-0.3167257308959961,-0.780650194734335,-0.21209943294525146,-0.7635409235954285,-0.2283788025379181,-0.7634891346096992,-0.2617609202861786,-0.8356827385723591,-0.278294175863266,-0.8006232678890228,-0.20486509799957275,-0.7825390882790089,-0.2111765742301941,-0.7781513184309006,-0.23617544770240784,0.0,0.0,-0.04869735240936279,0.05136328935623169,0.031206965446472168,0.06305801868438721,-0.00537949800491333,0.04600459337234497,-0.02963048219680786,0.04321718215942383,0.017015278339385986,0.050049006938934326,-0.0070264339447021484,0.05703955888748169,-0.007010281085968018,0.059237658977508545,-0.008498430252075195,0.07711338996887207,Yumruk_Yuzden_Uzak
-0.6914099007844925,-0.2363094985485077,-0.7193407714366913,-0.16820377111434937,-0.7669413983821869,-0.1104997992515564,-0.8213747497648001,-0.0858389139175415,-0.8670553937554359,-0.09783130884170532,-0.7521375119686127,-0.1944538950920105,-0.8595108799636364,-0.14791035652160645,-0.84004245698452,-0.1297907829284668,-0.809676043689251,-0.13759982585906982,-0.7625377178192139,-0.255312442779541,-0.8619940467178822,-0.19209074974060059,-0.8395982347428799,-0.17626112699508667,-0.8101303279399872,-0.18846261501312256,-0.7766900062561035,-0.3011922538280487,-0.8606952875852585,-0.23076608777046204,-0.8362571373581886,-0.21980145573616028,-0.8096913248300552,-0.2326258420944214,-0.7921399474143982,-0.33194875717163086,-0.8534563221037388,-0.26793015003204346,-0.8334732968360186,-0.25658589601516724,-0.8111363761126995,-0.2694471776485443,0.0,0.0,-0.05182260274887085,0.04871135950088501,0.027447223663330078,0.061063408851623535,-0.006876707077026367,0.044360458850860596,-0.03179138898849487,0.041336655616760254,0.014844954013824463,0.04847598075866699,-0.00921088457107544,0.055276572704315186,-0.009011149406433105,0.05719023942947388,-0.010734915733337402,0.07493942975997925,Yumruk_Yuzden_Uzak
-0.6990531384944916,-0.2268742024898529,-0.6673588156700134,-0.22553110122680664,-0.6300216317176819,-0.24335592985153198,-0.5911736488342285,-0.2512426972389221,-0.5676960945129395,-0.2654000222682953,-0.6332246512174606,-0.3800807297229767,-0.5625221133232117,-0.3286440670490265,-0.5785833299160004,-0.2893417775630951,-0.6029881536960602,-0.2947021424770355,-0.6403024345636368,-0.3765828609466553,-0.5616038143634796,-0.3130042552947998,-0.5865216553211212,-0.27621692419052124,-0.6099309921264648,-0.2865198254585266,-0.6465164422988892,-0.35275059938430786,-0.5721296072006226,-0.2927781343460083,-0.5966777205467224,-0.26021403074264526,-0.6176033616065979,-0.2679207921028137,-0.651439368724823,-0.31739577651023865,-0.5913124680519104,-0.2733054757118225,-0.6122181266546249,-0.2520535886287689,-0.6338307559490204,-0.25804829597473145,0.0,0.0,-0.053839921951293945,0.0473865270614624,0.026390135288238525,0.06295013427734375,-0.007978200912475586,0.04495573043823242,-0.03314000368118286,0.04079127311706543,0.013925254344940186,0.04988199472427368,-0.010612785816192627,0.055737435817718506,-0.010628819465637207,0.05786007642745972,-0.012839436531066895,0.07561063766479492,Yumruk_Yuzden_Uzak
-0.6322682499885559,-0.2453744113445282,-0.7005007863044739,-0.19530093669891357,-0.7886570766568184,-0.20184963941574097,-0.8553286194801331,-0.22350794076919556,-0.8936729803681374,-0.24994534254074097,-0.7904427126049995,-0.349179744720459,-0.8822832182049751,-0.30683714151382446,-0.8977331444621086,-0.26408496499061584,-0.8976296558976173,-0.2453153431415558,-0.7762738764286041,-0.3912341594696045,-0.8398419879376888,-0.30825603008270264,-0.8159478344023228,-0.2651955485343933,-0.7910589128732681,-0.2600598931312561,-0.7630093172192574,-0.40355145931243896,-0.816711600869894,-0.32153692841529846,-0.7948876321315765,-0.286022424697876,-0.7715009674429893,-0.2781255543231964,-0.7550157606601715,-0.4006577730178833,-0.7945267669856548,-0.33583149313926697,-0.7755288854241371,-0.30380624532699585,-0.7539843022823334,-0.29661983251571655,0.0,0.0,-0.053172767162323,0.046474575996398926,0.028195440769195557,0.06199878454208374,-0.007475554943084717,0.04480135440826416,-0.032682836055755615,0.04042249917984009,0.01491314172744751,0.04946863651275635,-0.009873509407043457,0.05550020933151245,-0.009984016418457031,0.057612061500549316,-0.012106001377105713,0.07544654607772827,Yumruk_Yuzden_Uzak
-0.6644953042268753,-0.2776082456111908,-0.6054758131504059,-0.2611467242240906,-0.5458613038063049,-0.25133365392684937,-0.5099646151065826,-0.2468147873878479,-0.5234394669532776,-0.25741228461265564,-0.5338087677955627,-0.40520963072776794,-0.5195941925048828,-0.29184144735336304,-0.5390453934669495,-0.28303325176239014,-0.5467477738857269,-0.31211525201797485,-0.5742990076541901,-0.41248050332069397,-0.5553131103515625,-0.2728234529495239,-0.5731886327266693,-0.27735620737075806,-0.5743964612483978,-0.3098601996898651,-0.6150750517845154,-0.39490020275115967,-0.5959366858005524,-0.25694790482521057,-0.6115024387836456,-0.2715799808502197,-0.6140053123235703,-0.3076019883155823,-0.6532825827598572,-0.3649436831474304,-0.6350448280572891,-0.2541552782058716,-0.6441807150840759,-0.26601889729499817,-0.6501685976982117,-0.2995743453502655,0.0,0.0,-0.05325847864151001,0.04808497428894043,0.027993083000183105,0.06323635578155518,-0.0074419379234313965,0.04537177085876465,-0.032746970653533936,0.04124933481216431,0.014925241470336914,0.05015361309051514,-0.009865283966064453,0.056330740451812744,-0.009981393814086914,0.05889081954956055,-0.012055695056915283,0.07696819305419922,Yumruk_Yuzden_Uzak
0.04118052124977112,0.23294806480407715,0.08510705828666687,0.2011582851409912,0.10704290866851807,0.15883958339691162,0.10746845602989197,0.1176411509513855,0.09847170114517212,0.08514207601547241,0.11284956336021423,0.1252397894859314,0.1251453161239624,0.04358643293380737,0.13145464658737183,-0.0006546378135681152,0.13697099685668945,-0.035961270332336426,0.09699302911758423,0.1120377779006958,0.11521220207214355,0.01994401216506958,0.12298130989074707,-0.029940426349639893,0.1293216347694397,-0.06804966926574707,0.07498672604560852,0.1041446328163147,0.09445518255233765,0.019825994968414307,0.10432809591293335,-0.026707172393798828,0.11393201351165771,-0.061967670917510986,0.047658950090408325,0.09989243745803833,0.06594222784042358,0.03488069772720337,0.07720422744750977,-0.00048232078552246094,0.08794644474983215,-0.030239641666412354,0.0,0.0,-0.021474629640579224,0.058055579662323,0.04322728514671326,0.05434471368789673,0.004217356443405151,0.04190659523010254,-0.012917846441268921,0.044773221015930176,0.02632194757461548,0.04272031784057617,0.006179690361022949,0.05492591857910156,0.005695223808288574,0.05823796987533569,0.005501657724380493,0.07802528142929077,Acik_El_Yanakta
0.04226827621459961,0.24167507886886597,0.08659690618515015,0.20535808801651,0.1067419946193695,0.15973156690597534,0.10921767354011536,0.11728358268737793,0.10208266973495483,0.08375132083892822,0.11179399490356445,0.12546521425247192,0.1242780089378357,0.043901026248931885,0.13160085678100586,-0.0010176301002502441,0.1380745768547058,-0.036803483963012695,0.09711077809333801,0.11259126663208008,0.11488276720046997,0.020601987838745117,0.12281197309494019,-0.02964305877685547,0.12973612546920776,-0.06787407398223877,0.07604259252548218,0.10579496622085571,0.09480264782905579,0.02013075351715088,0.104360431432724,-0.026762843132019043,0.11402499675750732,-0.06215512752532959,0.04950779676437378,0.10332691669464111,0.06747239828109741,0.03684777021408081,0.0785684883594513,0.0002442598342895508,0.08925074338912964,-0.030586600303649902,0.0,0.0,-0.022216737270355225,0.05724906921386719,0.04173189401626587,0.054486751556396484,0.003471583127975464,0.04166632890701294,-0.013517498970031738,0.04437536001205444,0.02523234486579895,0.042872846126556396,0.005241036415100098,0.054450929164886475,0.004645705223083496,0.05713838338851929,0.0041513144969940186,0.07635617256164551,Acik_El_Yanakta
-0.013891518115997314,0.157481849193573,-0.010760128498077393,0.09013336896896362,0.0015485584735870361,0.023993253707885742,0.010575056076049805,-0.03053426742553711,0.011106908321380615,-0.07295846939086914,0.057409852743148804,0.0172957181930542,0.09641441702842712,-0.017515122890472412,0.11936375498771667,-0.03632688522338867,0.13880634307861328,-0.05535060167312622,0.06887257099151611,0.04062694311141968,0.11227858066558838,0.003782212734222412,0.1363741159439087,-0.019052445888519287,0.1551072597503662,-0.04177957773208618,0.07249915599822998,0.07016938924789429,0.113189697265625,0.0372355580329895,0.13634800910949707,0.017147481441497803,0.15377086400985718,-0.0024343132972717285,0.0698695182800293,0.10577082633972168,0.10141164064407349,0.0816764235496521,0.12025541067123413,0.0628926157951355,0.13599610328674316,0.04411888122558594,0.0,0.0,-0.0018364191055297852,0.04404932260513306,0.06140145659446716,0.037711143493652344,0.014239251613616943,0.03161346912384033,0.00027048587799072266,0.03415846824645996,0.038929104804992676,0.031295180320739746,0.01933911442756653,0.04154711961746216,0.02033025026321411,0.04069411754608154,0.022234439849853516,0.05431842803955078,Acik_El_Yanakta
0.03207957744598389,0.23713690042495728,0.061852484941482544,0.19688493013381958,0.07678571343421936,0.15212106704711914,0.07942810654640198,0.11763215065002441,0.07568100094795227,0.09203100204467773,0.087792307138443,0.12918198108673096,0.0949314534664154,0.0626223087310791,0.09934034943580627,0.01658529043197632,0.10256722569465637,-0.021417081356048584,0.08432283997535706,0.12026876211166382,0.09540674090385437,0.042856037616729736,0.1013956367969513,-0.004608631134033203,0.10720852017402649,-0.04270046949386597,0.07211503386497498,0.11197566986083984,0.08439257740974426,0.03852212429046631,0.09138223528862,-0.006086885929107666,0.09870097041130066,-0.04037439823150635,0.05178716778755188,0.10216796398162842,0.06239566206932068,0.04429596662521362,0.07014283537864685,0.008304476737976074,0.07842943072319031,-0.02195984125137329,0.0,0.0,-0.03400734066963196,0.0620722770690918,0.03593984246253967,0.05629777908325195,0.0008781850337982178,0.04484760761260986,-0.01991438865661621,0.048597633838653564,0.021956324577331543,0.04523748159408569,0.0010151267051696777,0.05722993612289429,0.0008782744407653809,0.059858739376068115,0.0008196234703063965,0.07768291234970093,Acik_El_Yanakta
-0.03121161460876465,0.22807413339614868,-0.06426113843917847,0.2057102918624878,-0.08175849914550781,0.15735149383544922,-0.08838117122650146,0.11559981107711792,-0.08967369794845581,0.08164626359939575,-0.04864579439163208,0.11277759075164795,-0.0532073974609375,0.07372134923934937,-0.06287992000579834,0.041668593883514404,-0.07197397947311401,0.0188143253326416,-0.02941763401031494,0.10487467050552368,-0.03282815217971802,0.05830550193786621,-0.042275309562683105,0.022138893604278564,-0.05290180444717407,-0.004836440086364746,-0.009242057800292969,0.10073322057723999,-0.01256418228149414,0.05452251434326172,-0.01987314224243164,0.01913362741470337,-0.028591513633728027,-0.00782167911529541,0.011479496955871582,0.09925633668899536,0.007181882858276367,0.05724215507507324,0.0006420612335205078,0.02796757221221924,-0.008895337581634521,0.006750822067260742,0.0,0.0,-0.05717068910598755,0.0737534761428833,-0.006564021110534668,0.05911898612976074,-0.011163055896759033,0.045518577098846436,-0.032854318618774414,0.05420196056365967,-0.0035017728805541992,0.044178128242492676,-0.01603710651397705,0.05964314937591553,-0.015337526798248291,0.06270939111709595,-0.013196468353271484,0.08154362440109253,Acik_El_Yanakta
-0.032856762409210205,0.22869277000427246,-0.06307166814804077,0.2069406509399414,-0.07669472694396973,0.15991514921188354,-0.08164507150650024,0.1214299201965332,-0.081545889377594,0.09094184637069702,-0.04053628444671631,0.11574500799179077,-0.04406905174255371,0.07637310028076172,-0.052981555461883545,0.04339116811752319,-0.061506032943725586,0.020397841930389404,-0.023575246334075928,0.10871231555938721,-0.026295840740203857,0.06160867214202881,-0.03542625904083252,0.02485060691833496,-0.04534292221069336,-0.0027257204055786133,-0.005779147148132324,0.10486751794815063,-0.008451759815216064,0.05730777978897095,-0.01571023464202881,0.020791172981262207,-0.023461639881134033,-0.006842195987701416,0.011641085147857666,0.10215556621551514,0.007823467254638672,0.05811929702758789,0.002035081386566162,0.026786625385284424,-0.005489766597747803,0.00375288724899292,0.0,0.0,-0.05769866704940796,0.07354384660720825,-0.0065697431564331055,0.059766411781311035,-0.01135396957397461,0.04554569721221924,-0.03333079814910889,0.054061949253082275,-0.0034549832344055176,0.04455345869064331,-0.016293466091156006,0.05971670150756836,-0.015716731548309326,0.06259667873382568,-0.013602137565612793,0.08143407106399536,Acik_El_Yanakta
-0.07755011320114136,0.27279579639434814,-0.029134273529052734,0.22474873065948486,0.003667116165161133,0.1712145209312439,0.02614617347717285,0.11390131711959839,0.04411500692367554,0.06587660312652588,-0.07601958513259888,0.10034507513046265,-0.09988951683044434,0.01595914363861084,-0.11488786339759827,-0.03099656105041504,-0.12687420845031738,-0.06818157434463501,-0.11034882068634033,0.11109769344329834,-0.12860974669456482,0.01971590518951416,-0.1403048038482666,-0.03551959991455078,-0.1488875150680542,-0.07687640190124512,-0.135085791349411,0.12932121753692627,-0.14706921577453613,0.04406023025512695,-0.1543092131614685,-0.008899211883544922,-0.1592749059200287,-0.04950380325317383,-0.15246975421905518,0.14837753772735596,-0.1575966477394104,0.07983982563018799,-0.1612364649772644,0.0395359992980957,-0.16372323036193848,0.006248891353607178,0.0,0.0,-0.06374287605285645,0.0383298397064209,-0.0029561519622802734,0.04091453552246094,-0.015404760837554932,0.0337710976600647,-0.03950470685958862,0.03286665678024292,-0.00312882661819458,0.03254842758178711,-0.02077782154083252,0.04320186376571655,-0.020859897136688232,0.0507393479347229,-0.02222740650177002,0.06863152980804443,Acik_El_Yanakta
-0.06415021419525146,0.27572542428970337,-0.016076326370239258,0.22523504495620728,0.014114797115325928,0.16834938526153564,0.03425115346908569,0.10857135057449341,0.051008760929107666,0.05848288536071777,-0.0703398585319519,0.10212093591690063,-0.09588640928268433,0.016817212104797363,-0.11146512627601624,-0.031353652477264404,-0.12396833300590515,-0.06897395849227905,-0.10457897186279297,0.11479824781417847,-0.12503039836883545,0.02294635772705078,-0.13736426830291748,-0.03294652700424194,-0.1464267075061798,-0.07510209083557129,-0.12789684534072876,0.13301056623458862,-0.1417442262172699,0.0479317307472229,-0.15008312463760376,-0.005312323570251465,-0.15609553456306458,-0.045441508293151855,-0.14268624782562256,0.15016013383865356,-0.14827731251716614,0.0814434289932251,-0.15318316221237183,0.0399286150932312,-0.15668421983718872,0.005787551403045654,0.0,0.0,-0.05948221683502197,0.043464601039886475,-0.0009386539459228516,0.045670509338378906,-0.013933062553405762,0.0355871319770813,-0.03722059726715088,0.03562575578689575,-0.00147324800491333,0.03541988134384155,-0.019041776657104492,0.046080827713012695,-0.01905280351638794,0.052119672298431396,-0.020812511444091797,0.07028502225875854,Acik_El_Yanakta
-0.04465276002883911,0.17622631788253784,-0.003696918487548828,0.11034280061721802,0.017117798328399658,0.044438302516937256,0.021660149097442627,-0.019838988780975342,0.031012892723083496,-0.07443678379058838,-0.07258260250091553,-0.0018759369850158691,-0.11044073104858398,-0.07455432415008545,-0.13221681118011475,-0.11365550756454468,-0.149338036775589,-0.1438087821006775,-0.10392886400222778,0.021753251552581787,-0.13727763295173645,-0.05955594778060913,-0.15902230143547058,-0.10685425996780396,-0.17503494024276733,-0.14232879877090454,-0.12370520830154419,0.04955404996871948,-0.1508406102657318,-0.028572022914886475,-0.16750115156173706,-0.07583141326904297,-0.17956668138504028,-0.11357557773590088,-0.13688957691192627,0.07726222276687622,-0.15750497579574585,0.012955963611602783,-0.16853374242782593,-0.02490180730819702,-0.17570453882217407,-0.05869913101196289,0.0,0.0,-0.0657120943069458,0.015733540058135986,-0.004890859127044678,0.04328888654708862,-0.018563568592071533,0.0246008038520813,-0.042260825634002686,0.016573846340179443,-0.005231499671936035,0.032171010971069336,-0.02441573143005371,0.03279644250869751,-0.024095475673675537,0.03319525718688965,-0.026556193828582764,0.04790621995925903,Acik_El_Yanakta
-0.0899236798286438,0.15890806913375854,-0.14162182807922363,0.15099453926086426,-0.18411847949028015,0.11016899347305298,-0.20808815956115723,0.06905591487884521,-0.23021364212036133,0.037653207778930664,-0.16291150450706482,0.012243986129760742,-0.17431995272636414,-0.053008854389190674,-0.1803753674030304,-0.09253054857254028,-0.1841297447681427,-0.12679076194763184,-0.1410033106803894,0.0008597373962402344,-0.15384507179260254,-0.0719408392906189,-0.15920686721801758,-0.116912841796875,-0.16137096285820007,-0.1546720266342163,-0.11692208051681519,0.00017017126083374023,-0.13047605752944946,-0.07243090867996216,-0.1364445984363556,-0.11573398113250732,-0.13966816663742065,-0.15279942750930786,-0.08938896656036377,0.007671713829040527,-0.10233938694000244,-0.051616132259368896,-0.10980051755905151,-0.08799546957015991,-0.11556363105773926,-0.12008720636367798,0.0,0.0,-0.06312382221221924,0.029850125312805176,-0.00033915042877197266,0.048685550689697266,-0.01633930206298828,0.034451186656951904,-0.040217816829681396,0.027917027473449707,-0.002099752426147461,0.03822880983352661,-0.021806538105010986,0.043032050132751465,-0.02277672290802002,0.050517916679382324,-0.02595621347427368,0.0674099326133728,Acik_El_Yanakta
-0.08009117841720581,0.15668350458145142,-0.13336783647537231,0.15216153860092163,-0.17687150835990906,0.11221855878829956,-0.20326197147369385,0.07053416967391968,-0.22801119089126587,0.0389590859413147,-0.15506631135940552,0.011594891548156738,-0.17016300559043884,-0.05455482006072998,-0.1782459020614624,-0.09456890821456909,-0.1834304928779602,-0.1290879249572754,-0.1336132287979126,-0.0003459453582763672,-0.1508309543132782,-0.07332324981689453,-0.1589387059211731,-0.1176074743270874,-0.16359031200408936,-0.15540701150894165,-0.11003291606903076,-0.0027292370796203613,-0.12806734442710876,-0.07499128580093384,-0.13716211915016174,-0.11814433336257935,-0.1433107852935791,-0.155384361743927,-0.0828898549079895,0.002524256706237793,-0.09963959455490112,-0.0563693642616272,-0.11000722646713257,-0.09246176481246948,-0.11902189254760742,-0.12494593858718872,0.0,0.0,-0.06278818845748901,0.029116690158843994,0.002860546112060547,0.04573184251785278,-0.01574993133544922,0.03492593765258789,-0.040373146533966064,0.02843761444091797,-0.00029224157333374023,0.03743743896484375,-0.021030426025390625,0.04350525140762329,-0.02077418565750122,0.04562658071517944,-0.02401602268218994,0.062484145164489746,Acik_El_Yanakta
-0.07744055986404419,0.16026335954666138,-0.13115078210830688,0.1567806601524353,-0.17574399709701538,0.11906838417053223,-0.2030620574951172,0.07807028293609619,-0.22791776061058044,0.04663896560668945,-0.15263375639915466,0.018660008907318115,-0.16980478167533875,-0.04735344648361206,-0.178935706615448,-0.08737897872924805,-0.18488809466362,-0.12239110469818115,-0.1316312551498413,0.006106913089752197,-0.15066558122634888,-0.06623971462249756,-0.15987473726272583,-0.11034935712814331,-0.165133535861969,-0.1483798623085022,-0.10846060514450073,0.003230273723602295,-0.12741532921791077,-0.068500816822052,-0.13743385672569275,-0.11163997650146484,-0.14415386319160461,-0.14916443824768066,-0.0812997817993164,0.007797896862030029,-0.0977669358253479,-0.05074840784072876,-0.1084585189819336,-0.08678668737411499,-0.11781167984008789,-0.11966794729232788,0.0,0.0,-0.06252503395080566,0.03037261962890625,0.0014690756797790527,0.046414077281951904,-0.0160062313079834,0.0352635383605957,-0.04012829065322876,0.0292128324508667,-0.0011615157127380371,0.03778725862503052,-0.021301746368408203,0.043631911277770996,-0.02135598659515381,0.04714310169219971,-0.024558424949645996,0.06361287832260132,Acik_El_Yanakta
-0.14566203951835632,0.26540690660476685,-0.1893472969532013,0.23655402660369873,-0.21817955374717712,0.18157106637954712,-0.23538315296173096,0.13606798648834229,-0.2542937994003296,0.10052883625030518,-0.1760089099407196,0.09557712078094482,-0.16757896542549133,0.028108954429626465,-0.16175168752670288,-0.01341789960861206,-0.15466910600662231,-0.04878842830657959,-0.1555388867855072,0.09656655788421631,-0.1465703248977661,0.020682215690612793,-0.13911989331245422,-0.026856958866119385,-0.13011857867240906,-0.06684911251068115,-0.13577139377593994,0.10952436923980713,-0.12540307641029358,0.03493911027908325,-0.119086354970932,-0.011072278022766113,-0.11293190717697144,-0.05044442415237427,-0.11598947644233704,0.1323699951171875,-0.1076309084892273,0.07215845584869385,-0.10385400056838989,0.033206284046173096,-0.10111290216445923,-0.0014840960502624512,0.0,0.0,-0.05847972631454468,0.05588418245315552,0.0005805492401123047,0.0731382966041565,-0.012614846229553223,0.043609619140625,-0.0353238582611084,0.04265868663787842,-0.00021523237228393555,0.052893877029418945,-0.017535924911499023,0.05791962146759033,-0.017900049686431885,0.060528457164764404,-0.018815815448760986,0.07784992456436157,Acik_El_Yanakta
-0.1371622085571289,0.2669505476951599,-0.18108174204826355,0.23618412017822266,-0.20924526453018188,0.17645812034606934,-0.22656798362731934,0.13084954023361206,-0.24718904495239258,0.09784990549087524,-0.1724185049533844,0.09413248300552368,-0.16177061200141907,0.02533823251724243,-0.15399986505508423,-0.01674056053161621,-0.14547225832939148,-0.053037047386169434,-0.1533902883529663,0.09529507160186768,-0.1434289515018463,0.018388032913208008,-0.13519281148910522,-0.029672563076019287,-0.12555867433547974,-0.07026255130767822,-0.13376158475875854,0.10882556438446045,-0.12330463528633118,0.03297829627990723,-0.1158469021320343,-0.013276219367980957,-0.10878095030784607,-0.05294597148895264,-0.11357581615447998,0.13235652446746826,-0.10669001936912537,0.07243627309799194,-0.10374581813812256,0.033296823501586914,-0.10137677192687988,-0.001251816749572754,0.0,0.0,-0.05665457248687744,0.05474543571472168,0.003995358943939209,0.07000350952148438,-0.01172560453414917,0.043302178382873535,-0.03458374738693237,0.04223191738128662,0.001913905143737793,0.05135458707809448,-0.016185998916625977,0.05698460340499878,-0.01651531457901001,0.05965995788574219,-0.01743394136428833,0.07696503400802612,Acik_El_Yanakta
-0.08797341585159302,0.28113460540771484,-0.039080262184143066,0.2380087971687317,-0.009475290775299072,0.17803210020065308,0.005699098110198975,0.11455577611923218,0.02238517999649048,0.06359845399856567,-0.08229082822799683,0.1030130386352539,-0.09367001056671143,0.023378372192382812,-0.10231882333755493,-0.024086713790893555,-0.10922765731811523,-0.057058632373809814,-0.11457887291908264,0.11352741718292236,-0.12006580829620361,0.026464998722076416,-0.12493973970413208,-0.023400425910949707,-0.127760112285614,-0.06171518564224243,-0.13558754324913025,0.12928402423858643,-0.13750892877578735,0.04829001426696777,-0.13724464178085327,0.003741145133972168,-0.136001318693161,-0.031296730041503906,-0.1489538550376892,0.14418458938598633,-0.14890635013580322,0.07743072509765625,-0.14703071117401123,0.04098939895629883,-0.1432769000530243,0.010968983173370361,0.0,0.0,-0.048609137535095215,0.05426067113876343,0.007736146450042725,0.062305331230163574,-0.00897514820098877,0.041355133056640625,-0.03002631664276123,0.04141390323638916,0.004670619964599609,0.04629671573638916,-0.012544989585876465,0.05420708656311035,-0.0132407546043396,0.061235904693603516,-0.014262974262237549,0.07943665981292725,Acik_El_Yanakta
-0.08829852938652039,0.2897909879684448,-0.04078352451324463,0.24534374475479126,-0.014386653900146484,0.18210017681121826,-0.0016745924949645996,0.11764979362487793,0.013097524642944336,0.06315314769744873,-0.08862924575805664,0.11001616716384888,-0.09982568025588989,0.02988046407699585,-0.10819858312606812,-0.017465591430664062,-0.11579728126525879,-0.04987722635269165,-0.11866939067840576,0.11995291709899902,-0.12496349215507507,0.03378653526306152,-0.12916624546051025,-0.014032185077667236,-0.13164320588111877,-0.050246596336364746,-0.1368175446987152,0.13294297456741333,-0.13937225937843323,0.05527561902999878,-0.138587087392807,0.014753222465515137,-0.13733938336372375,-0.017177283763885498,-0.14637184143066406,0.1446589231491089,-0.1468900442123413,0.07882100343704224,-0.14555662870407104,0.044121384620666504,-0.1430637240409851,0.016962945461273193,0.0,0.0,-0.04781860113143921,0.054840266704559326,0.008592188358306885,0.05998539924621582,-0.008250057697296143,0.04246419668197632,-0.028937458992004395,0.04311513900756836,0.00497359037399292,0.045968055725097656,-0.011745452880859375,0.05466979742050171,-0.012047052383422852,0.05940014123916626,-0.012981891632080078,0.07655906677246094,Acik_El_Yanakta
0.15681007504463196,0.2012733817100525,0.1881302297115326,0.15354621410369873,0.20023003220558167,0.10654723644256592,0.20236584544181824,0.062268197536468506,0.20897433161735535,0.024477243423461914,0.17375481128692627,0.04823911190032959,0.16239792108535767,-0.03466552495956421,0.1579839289188385,-0.08210301399230957,0.15462762117385864,-0.11948662996292114,0.15280082821846008,0.05165785551071167,0.1432136595249176,-0.04042649269104004,0.13870036602020264,-0.09424394369125366,0.13692763447761536,-0.13517624139785767,0.1302865445613861,0.06431841850280762,0.12158015370368958,-0.02132713794708252,0.11791154742240906,-0.07318025827407837,0.11894586682319641,-0.11194044351577759,0.10504880547523499,0.08539509773254395,0.0976199209690094,0.01994633674621582,0.0964287519454956,-0.01951366662979126,0.09813645482063293,-0.052587807178497314,0.0,0.0,0.003732830286026001,0.05482083559036255,0.0713358223438263,0.03613489866256714,0.019092679023742676,0.03766608238220215,0.004382908344268799,0.042454302310943604,0.04569292068481445,0.03208518028259277,0.025806128978729248,0.04879099130630493,0.02537289261817932,0.04958295822143555,0.028800934553146362,0.06867486238479614,Acik_El_Yanakta
0.1555672585964203,0.20946776866912842,0.1849023699760437,0.16267329454421997,0.1948518455028534,0.11632722616195679,0.19632846117019653,0.07286185026168823,0.20248901844024658,0.035899341106414795,0.17122799158096313,0.056282639503479004,0.16108793020248413,-0.024897634983062744,0.15713298320770264,-0.07266008853912354,0.15416821837425232,-0.11095964908599854,0.15171584486961365,0.05981779098510742,0.14352905750274658,-0.03136610984802246,0.1394357681274414,-0.08580183982849121,0.1374169886112213,-0.12889492511749268,0.1300988793373108,0.07317972183227539,0.12086057662963867,-0.010886311531066895,0.11608192324638367,-0.06267130374908447,0.11553248763084412,-0.10267508029937744,0.10549521446228027,0.09459972381591797,0.09862813353538513,0.02869129180908203,0.09736263751983643,-0.012176215648651123,0.0986170768737793,-0.047139883041381836,0.0,0.0,0.00356176495552063,0.05463266372680664,0.06613823771476746,0.03909796476364136,0.01773121953010559,0.03733325004577637,0.0037205517292022705,0.041882991790771484,0.0427684485912323,0.03304654359817505,0.024033457040786743,0.04886817932128906,0.0232732892036438,0.048637568950653076,0.026612013578414917,0.06785738468170166,Acik_El_Yanakta
0.14130592346191406,0.38401103019714355,0.13381582498550415,0.313399076461792,0.10359716415405273,0.25613993406295776,0.07078742980957031,0.23074495792388916,0.03959774971008301,0.23128145933151245,0.09623968601226807,0.2134842872619629,0.06400692462921143,0.1390100121498108,0.04436075687408447,0.09594535827636719,0.030904293060302734,0.06099867820739746,0.08070510625839233,0.23573166131973267,0.01641678810119629,0.19968461990356445,0.014453291893005371,0.23160600662231445,0.029119163751602173,0.2552427649497986,0.06568729877471924,0.27235639095306396,0.012099266052246094,0.2746642231941223,0.02268141508102417,0.3008624315261841,0.041172921657562256,0.3088611364364624,0.053829073905944824,0.3118472695350647,0.018335819244384766,0.32605862617492676,0.030337512493133545,0.34537267684936523,0.04757869243621826,0.349115788936615,0.0,0.0,-0.03842264413833618,0.05115401744842529,0.02988380193710327,0.05100792646408081,-0.001979231834411621,0.041892170906066895,-0.023163825273513794,0.04240614175796509,0.01779836416244507,0.04216313362121582,-0.002861887216567993,0.05205559730529785,-0.002614915370941162,0.05437815189361572,-0.0032404065132141113,0.07091736793518066,Parmak_Dudakta
0.026314854621887207,0.4267846345901489,0.06303638219833374,0.35820358991622925,0.06489765644073486,0.28447479009628296,0.043188512325286865,0.2301415205001831,0.018372714519500732,0.23915231227874756,-0.0035163164138793945,0.241324782371521,-0.027438223361968994,0.14799726009368896,-0.040486305952072144,0.09920072555541992,-0.053926944732666016,0.06245219707489014,-0.04139077663421631,0.2648635506629944,-0.0540432333946228,0.18832212686538696,-0.032916128635406494,0.1942616105079651,-0.01452404260635376,0.2188166379928589,-0.06005162000656128,0.29707497358322144,-0.05415689945220947,0.2528153657913208,-0.034744083881378174,0.2605249285697937,-0.022195160388946533,0.28083664178848267,-0.06997925043106079,0.328133225440979,-0.06281885504722595,0.2995721697807312,-0.047512054443359375,0.3064136505126953,-0.03584197163581848,0.32285457849502563,0.0,0.0,-0.05840620398521423,0.05299407243728638,0.012046635150909424,0.044334590435028076,-0.008924782276153564,0.03748655319213867,-0.03498533368110657,0.04117178916931152,0.007151961326599121,0.034717679023742676,-0.012491464614868164,0.04811125993728638,-0.01157832145690918,0.06471937894821167,-0.010976612567901611,0.0835455060005188,Parmak_Dudakta
0.02020817995071411,0.4311128258705139,0.05724942684173584,0.3612903356552124,0.06228947639465332,0.28720706701278687,0.04281330108642578,0.23234200477600098,0.01673489809036255,0.2380971908569336,-0.00825875997543335,0.24454861879348755,-0.029418766498565674,0.14984554052352905,-0.040503114461898804,0.1007426381111145,-0.052226722240448,0.06327635049819946,-0.04630127549171448,0.2672380208969116,-0.0558391809463501,0.19010543823242188,-0.035270094871520996,0.1966143250465393,-0.01771867275238037,0.22103697061538696,-0.06615093350410461,0.2981836199760437,-0.058742254972457886,0.24907004833221436,-0.04004564881324768,0.2560489773750305,-0.02841973304748535,0.2762752175331116,-0.07699242234230042,0.32756590843200684,-0.0676371157169342,0.2949483394622803,-0.052352339029312134,0.30110329389572144,-0.040994793176651,0.31739485263824463,0.0,0.0,-0.05432960391044617,0.0524173378944397,0.013688921928405762,0.04412776231765747,-0.007865548133850098,0.03801339864730835,-0.03265264630317688,0.04142957925796509,0.008116483688354492,0.03539299964904785,-0.011066198348999023,0.04875975847244263,-0.010255634784698486,0.059188902378082275,-0.009658873081207275,0.07785779237747192,Parmak_Dudakta
0.12165918946266174,0.39269936084747314,0.13669386506080627,0.32813167572021484,0.12934985756874084,0.2686852216720581,0.09949102997779846,0.23823410272598267,0.06773945689201355,0.23881125450134277,0.10483178496360779,0.2175692319869995,0.07349523901939392,0.13975346088409424,0.05518847703933716,0.09219932556152344,0.04124614596366882,0.05378317832946777,0.07922366261482239,0.23424679040908813,0.0253126323223114,0.19662779569625854,0.027107596397399902,0.22947031259536743,0.04196235537528992,0.25407201051712036,0.05594787001609802,0.26346153020858765,0.011764317750930786,0.24755364656448364,0.019702792167663574,0.2750280499458313,0.0354580283164978,0.29027777910232544,0.03628990054130554,0.29690831899642944,0.004993140697479248,0.28793424367904663,0.01384282112121582,0.3107835054397583,0.027407974004745483,0.3249497413635254,0.0,0.0,-0.03121405839920044,0.05596733093261719,0.039383918046951294,0.05158960819244385,0.0021837949752807617,0.04170173406600952,-0.018514633178710938,0.04425501823425293,0.024380385875701904,0.0418318510055542,0.0028391778469085693,0.052782654762268066,0.002782285213470459,0.05441194772720337,0.0029183030128479004,0.07113534212112427,Parmak_Dudakta
0.061063945293426514,0.40843480825424194,0.09683090448379517,0.3470599055290222,0.10741394758224487,0.2863139510154724,0.09506052732467651,0.24262374639511108,0.07156115770339966,0.22462743520736694,0.05767226219177246,0.22528064250946045,0.02889770269393921,0.14416450262069702,0.012260526418685913,0.09543615579605103,-0.0018631517887115479,0.05673176050186157,0.026443660259246826,0.24064898490905762,-0.012926638126373291,0.19274020195007324,-0.00790393352508545,0.2236747145652771,0.005131393671035767,0.2533801198005676,-0.0016289353370666504,0.2689383625984192,-0.030530482530593872,0.24724739789962769,-0.023443549871444702,0.27111685276031494,-0.010307461023330688,0.29346293210983276,-0.026314109563827515,0.30078059434890747,-0.04563593864440918,0.28516441583633423,-0.037239670753479004,0.30798983573913574,-0.025697678327560425,0.327231228351593,0.0,0.0,-0.04193758964538574,0.06349402666091919,0.0248984694480896,0.055262088775634766,-0.00222131609916687,0.044445157051086426,-0.02463260293006897,0.04940885305404663,0.015575766563415527,0.044404685497283936,-0.003783494234085083,0.05530649423599243,-0.003900468349456787,0.05770742893218994,-0.0036019086837768555,0.07247918844223022,Parmak_Dudakta
0.04745045304298401,0.4030153751373291,0.082817941904068,0.34662824869155884,0.09569248557090759,0.285783052444458,0.07965227961540222,0.24278777837753296,0.05569663643836975,0.2327304482460022,0.04243841767311096,0.22113853693008423,0.01869913935661316,0.1431102752685547,0.00447806715965271,0.09765625,-0.0065431296825408936,0.06229400634765625,0.01203492283821106,0.23662275075912476,-0.02646973729133606,0.19964158535003662,-0.0212363600730896,0.22949689626693726,-0.006189674139022827,0.2550337314605713,-0.013873040676116943,0.2649548053741455,-0.03933045268058777,0.2552986741065979,-0.03130084276199341,0.2789725661277771,-0.01758924126625061,0.298043429851532,-0.03684535622596741,0.29657477140426636,-0.05376580357551575,0.29087990522384644,-0.04509112238883972,0.31352150440216064,-0.03303059935569763,0.32929009199142456,0.0,0.0,-0.04321125149726868,0.0648350715637207,0.02286556363105774,0.059944748878479004,-0.0032318532466888428,0.04563337564468384,-0.025389254093170166,0.05008852481842041,0.013988465070724487,0.047204792499542236,-0.0050001442432403564,0.05740952491760254,-0.005132704973220825,0.060289621353149414,-0.004762887954711914,0.07531630992889404,Parmak_Dudakta
0.0502033531665802,0.40329474210739136,0.08400210738182068,0.3453711271286011,0.0950709879398346,0.2861717939376831,0.07985672354698181,0.24569296836853027,0.05802944302558899,0.22995465993881226,0.0442371666431427,0.2206634283065796,0.02087453007698059,0.14217889308929443,0.006157934665679932,0.09712362289428711,-0.00531315803527832,0.06152760982513428,0.013482540845870972,0.23566561937332153,-0.02553504705429077,0.19657909870147705,-0.01972562074661255,0.22695457935333252,-0.004245847463607788,0.2524302005767822,-0.012857645750045776,0.26415616273880005,-0.03831407427787781,0.2506696581840515,-0.029847055673599243,0.2752084732055664,-0.01632845401763916,0.2943029999732971,-0.036034852266311646,0.2965852618217468,-0.05234658718109131,0.2896376848220825,-0.043043822050094604,0.3126377463340759,-0.031106919050216675,0.3284985423088074,0.0,0.0,-0.04206514358520508,0.06522917747497559,0.02283594012260437,0.06073296070098877,-0.0029720067977905273,0.0462912917137146,-0.02474677562713623,0.05063408613204956,0.01396748423576355,0.04797995090484619,-0.004668682813644409,0.058184802532196045,-0.004810452461242676,0.060188472270965576,-0.0045958757400512695,0.07530969381332397,Parmak_Dudakta
0.018295884132385254,0.38197100162506104,0.05553525686264038,0.3277217149734497,0.07363301515579224,0.26705384254455566,0.06126517057418823,0.22264957427978516,0.03514760732650757,0.21767103672027588,0.008087456226348877,0.20178234577178955,-0.005992978811264038,0.12632137537002563,-0.016162365674972534,0.083931565284729,-0.02634584903717041,0.051477789878845215,-0.024510115385055542,0.21119946241378784,-0.04453456401824951,0.19163960218429565,-0.03801625967025757,0.21397274732589722,-0.027743935585021973,0.23620176315307617,-0.05022132396697998,0.23875820636749268,-0.05565345287322998,0.24898689985275269,-0.04561585187911987,0.27037936449050903,-0.035059571266174316,0.2864682078361511,-0.0725969672203064,0.2688307762145996,-0.07606494426727295,0.2745487689971924,-0.0655415952205658,0.29368776082992554,-0.05523192882537842,0.3078506588935852,0.0,0.0,-0.04171869158744812,0.06131744384765625,0.022157013416290283,0.06241309642791748,-0.003339052200317383,0.04052913188934326,-0.02479425072669983,0.044586122035980225,0.013650953769683838,0.0453948974609375,-0.0049166083335876465,0.05353814363479614,-0.004961282014846802,0.059841811656951904,-0.004301011562347412,0.07523089647293091,Parmak_Dudakta
0.0009378492832183838,0.3846011161804199,0.04268103837966919,0.33237749338150024,0.06270623207092285,0.2676321268081665,0.05466783046722412,0.21485990285873413,0.027344942092895508,0.2147080898284912,-0.0018191933631896973,0.20312821865081787,-0.011736065149307251,0.12549889087677002,-0.01903355121612549,0.08461493253707886,-0.02777913212776184,0.05389505624771118,-0.036035358905792236,0.21133726835250854,-0.04346397519111633,0.18541377782821655,-0.03383791446685791,0.2078452706336975,-0.02487015724182129,0.23040342330932617,-0.06196993589401245,0.23759156465530396,-0.05885651707649231,0.2393277883529663,-0.04907757043838501,0.2574687600135803,-0.040139734745025635,0.27547407150268555,-0.08403253555297852,0.26683080196380615,-0.081891268491745,0.2697570323944092,-0.07140839099884033,0.28461623191833496,-0.062001585960388184,0.29928839206695557,0.0,0.0,-0.04274842143058777,0.058569252490997314,0.021179616451263428,0.05974841117858887,-0.003949344158172607,0.04047054052352905,-0.02531096339225769,0.04387742280960083,0.012684345245361328,0.044552505016326904,-0.005709588527679443,0.052761614322662354,-0.005710303783416748,0.05734431743621826,-0.005194157361984253,0.07237517833709717,Parmak_Dudakta
0.0752447247505188,0.3654521703720093,0.08857464790344238,0.30267733335494995,0.07862359285354614,0.24982643127441406,0.05310380458831787,0.22008365392684937,0.025548309087753296,0.21813178062438965,0.07368612289428711,0.1961410641670227,0.04450643062591553,0.12646955251693726,0.027138948440551758,0.08686339855194092,0.013876289129257202,0.05481499433517456,0.05480068922042847,0.20362716913223267,-0.0024161040782928467,0.18530243635177612,-0.007113456726074219,0.2192937731742859,0.003999114036560059,0.2410222887992859,0.033328354358673096,0.2229192852973938,-0.015361160039901733,0.2282930612564087,-0.013427764177322388,0.2621649503707886,0.0006739795207977295,0.279091477394104,0.012990206480026245,0.246304452419281,-0.021469205617904663,0.2596142292022705,-0.018618881702423096,0.2900780439376831,-0.00665360689163208,0.306080162525177,0.0,0.0,-0.03189122676849365,0.06114387512207031,0.0313776433467865,0.06075465679168701,-0.0003941953182220459,0.042717814445495605,-0.019383013248443604,0.046701252460479736,0.01885661482810974,0.04641824960708618,-0.0004678964614868164,0.054178714752197266,-0.0003968775272369385,0.05454951524734497,-0.0006991028785705566,0.06783604621887207,Parmak_Dudakta
0.07860207557678223,0.3673744201660156,0.09347319602966309,0.3076903820037842,0.08621376752853394,0.2594342827796936,0.06384646892547607,0.2308180332183838,0.037844955921173096,0.22863900661468506,0.07394546270370483,0.19723773002624512,0.0436437726020813,0.12764209508895874,0.025741249322891235,0.08859753608703613,0.011252403259277344,0.05674368143081665,0.054909348487854004,0.20442378520965576,-0.0024173855781555176,0.19064253568649292,-0.0060527026653289795,0.2253304123878479,0.005322068929672241,0.24723774194717407,0.0333389937877655,0.22478824853897095,-0.01499098539352417,0.2343233823776245,-0.013076484203338623,0.26836198568344116,0.0006987452507019043,0.28503531217575073,0.012661129236221313,0.24937570095062256,-0.020598262548446655,0.26546651124954224,-0.016880184412002563,0.29597920179367065,-0.004520058631896973,0.31132417917251587,0.0,0.0,-0.03241494297981262,0.061826467514038086,0.031627148389816284,0.06184011697769165,-0.0004229545593261719,0.04332149028778076,-0.019570469856262207,0.04715704917907715,0.018937736749649048,0.04716289043426514,-0.000497668981552124,0.05461078882217407,-0.0005390942096710205,0.05493974685668945,-0.0008553862571716309,0.06787240505218506,Parmak_Dudakta
0.20919206738471985,0.28174662590026855,0.2269752323627472,0.21137046813964844,0.21831223368644714,0.14530205726623535,0.18629923462867737,0.1153152585029602,0.16022440791130066,0.12733495235443115,0.1425725519657135,0.12654834985733032,0.08862432837486267,0.0924081802368164,0.05304178595542908,0.07348102331161499,0.025428354740142822,0.0588531494140625,0.1199595034122467,0.15549129247665405,0.0948246419429779,0.17099690437316895,0.10925409197807312,0.18708139657974243,0.1276053488254547,0.19521206617355347,0.10773900151252747,0.19502073526382446,0.1009880006313324,0.21425175666809082,0.11621138453483582,0.2245703935623169,0.1326974332332611,0.22791123390197754,0.09877035021781921,0.23525136709213257,0.10054823756217957,0.24676543474197388,0.11746051907539368,0.25731658935546875,0.13266387581825256,0.2616215944290161,0.0,0.0,-0.02648216485977173,0.05251801013946533,0.040743470191955566,0.05848783254623413,0.001805037260055542,0.04262477159500122,-0.0157548189163208,0.042590975761413574,0.02343308925628662,0.04623538255691528,0.0029633045196533203,0.05345630645751953,0.002694845199584961,0.05415964126586914,0.0015162527561187744,0.06921309232711792,Parmak_Dudakta
0.20932260155677795,0.2910638451576233,0.22715947031974792,0.21992278099060059,0.21658185124397278,0.15673071146011353,0.1872452199459076,0.12796080112457275,0.1624417006969452,0.13354450464248657,0.14189693331718445,0.1342114806175232,0.08742126822471619,0.0976715087890625,0.05224934220314026,0.07606834173202515,0.024199455976486206,0.06002700328826904,0.12012603878974915,0.16343218088150024,0.09099903702735901,0.17806565761566162,0.10548576712608337,0.19465035200119019,0.12440618872642517,0.20311331748962402,0.10732486844062805,0.20331770181655884,0.09683242440223694,0.22103548049926758,0.11157432198524475,0.2314605712890625,0.12837126851081848,0.2359597086906433,0.09704658389091492,0.24336659908294678,0.09603598713874817,0.2543421983718872,0.11299464106559753,0.26553070545196533,0.1283690631389618,0.27010512351989746,0.0,0.0,-0.027341246604919434,0.053401827812194824,0.041339725255966187,0.05938297510147095,0.0018530786037445068,0.044301629066467285,-0.015901237726211548,0.043949007987976074,0.023564070463180542,0.04762178659439087,0.002982020378112793,0.05504322052001953,0.0028128623962402344,0.055683255195617676,0.0017409324645996094,0.0708460807800293,Parmak_Dudakta
0.14257121086120605,0.3707517981529236,0.14374572038650513,0.30484259128570557,0.12648022174835205,0.25530385971069336,0.09925901889801025,0.23420673608779907,0.07369881868362427,0.2377358078956604,0.11065489053726196,0.1989431381225586,0.07572275400161743,0.1351826786994934,0.056302011013031006,0.09560978412628174,0.04163771867752075,0.0628514289855957,0.09570997953414917,0.20926004648208618,0.034625887870788574,0.200869619846344,0.03222736716270447,0.24028396606445312,0.04467293620109558,0.2619703412055969,0.07939136028289795,0.23308968544006348,0.027914315462112427,0.24297183752059937,0.031353384256362915,0.27803242206573486,0.04496613144874573,0.2924405336380005,0.06422513723373413,0.262381911277771,0.030507057905197144,0.28098857402801514,0.03524342179298401,0.3088609576225281,0.046128928661346436,0.32110512256622314,0.0,0.0,-0.03044414520263672,0.05912601947784424,0.0363372266292572,0.0598369836807251,0.0009222030639648438,0.041806042194366455,-0.018301665782928467,0.044688880443573,0.021828919649124146,0.045056819915771484,0.0013175904750823975,0.05307489633560181,0.0013029277324676514,0.054582059383392334,0.0008903443813323975,0.06901437044143677,Parmak_Dudakta
0.12365058064460754,0.3708035349845886,0.13035205006599426,0.3106696605682373,0.11649617552757263,0.2661888599395752,0.0910012423992157,0.24644887447357178,0.06494954228401184,0.251686155796051,0.09393098950386047,0.20407980680465698,0.06254109740257263,0.141543447971344,0.045328885316848755,0.10139691829681396,0.031070798635482788,0.06813186407089233,0.07776573300361633,0.21087098121643066,0.023095130920410156,0.21827775239944458,0.021768122911453247,0.25372976064682007,0.033194512128829956,0.27232247591018677,0.060536712408065796,0.23400920629501343,0.0146578848361969,0.25381535291671753,0.01771208643913269,0.28631556034088135,0.029370605945587158,0.30136638879776,0.04460713267326355,0.26199036836624146,0.011729180812835693,0.28273820877075195,0.013366878032684326,0.3092818856239319,0.020157456398010254,0.3241448998451233,0.0,0.0,-0.033199042081832886,0.06080222129821777,0.03158038854598999,0.062312424182891846,-0.0007113516330718994,0.04370713233947754,-0.01979684829711914,0.04649132490158081,0.018551528453826904,0.047356247901916504,-0.0008928775787353516,0.05499160289764404,-0.0009388923645019531,0.05599576234817505,-0.00145035982131958,0.0702018141746521,Parmak_Dudakta
-0.05992281436920166,0.38695961236953735,-0.017651796340942383,0.3445509076118469,0.006042063236236572,0.2922399044036865,0.003504157066345215,0.24127060174942017,-0.023230552673339844,0.22911429405212402,-0.04106640815734863,0.21733522415161133,-0.046318769454956055,0.13381218910217285,-0.050600290298461914,0.0879431962966919,-0.05517280101776123,0.05223560333251953,-0.07408058643341064,0.22046363353729248,-0.09857934713363647,0.16275668144226074,-0.09636685252189636,0.1883060336112976,-0.08726760745048523,0.21954017877578735,-0.10335910320281982,0.2399522066116333,-0.1176753044128418,0.2273470163345337,-0.11101716756820679,0.25187331438064575,-0.1013084352016449,0.27334046363830566,-0.12913694977760315,0.26322096586227417,-0.13622307777404785,0.25873464345932007,-0.12867552042007446,0.2816404104232788,-0.11964002251625061,0.29871898889541626,0.0,0.0,-0.059658706188201904,0.05030268430709839,-0.007863402366638184,0.04693329334259033,-0.014211773872375488,0.03639155626296997,-0.036003172397613525,0.0394778847694397,-0.005143284797668457,0.03589320182800293,-0.019755423069000244,0.046968162059783936,-0.01975017786026001,0.05450999736785889,-0.0202786922454834,0.07153469324111938,Parmak_Dudakta
-0.06141692399978638,0.386344850063324,-0.019353508949279785,0.3455623984336853,0.002931356430053711,0.2985674738883972,0.0026543736457824707,0.25217336416244507,-0.020759522914886475,0.2346324920654297,-0.041587889194488525,0.2166852355003357,-0.04709446430206299,0.13452279567718506,-0.052125751972198486,0.09075015783309937,-0.05704057216644287,0.056635499000549316,-0.07398885488510132,0.2203243374824524,-0.1019054651260376,0.16424232721328735,-0.10131219029426575,0.19039809703826904,-0.09237080812454224,0.22144818305969238,-0.10335183143615723,0.23991137742996216,-0.12130114436149597,0.22710329294204712,-0.1154564917087555,0.252005398273468,-0.10546764731407166,0.2733634114265442,-0.1288587749004364,0.2631915807723999,-0.13701161742210388,0.2597845792770386,-0.12980756163597107,0.28333520889282227,-0.1198897659778595,0.30048292875289917,0.0,0.0,-0.06053721904754639,0.051123201847076416,-0.009741067886352539,0.046428024768829346,-0.014964818954467773,0.03651690483093262,-0.03662109375,0.03986769914627075,-0.006369590759277344,0.03531128168106079,-0.02077549695968628,0.046868860721588135,-0.020721852779388428,0.05663168430328369,-0.02149420976638794,0.0739859938621521,Parmak_Dudakta
0.034796714782714844,0.3661053776741028,0.08009862899780273,0.3100031018257141,0.09860336780548096,0.2524373531341553,0.09738361835479736,0.19116723537445068,0.07947945594787598,0.16103911399841309,0.022664785385131836,0.1839187741279602,-0.00281602144241333,0.10759919881820679,-0.019851267337799072,0.06699496507644653,-0.0345635712146759,0.03638941049575806,-0.012824416160583496,0.19522786140441895,-0.006995439529418945,0.18204480409622192,0.004912137985229492,0.20415109395980835,0.013694941997528076,0.22493034601211548,-0.0363941490650177,0.22839760780334473,-0.02391543984413147,0.22060489654541016,-0.013698995113372803,0.24006056785583496,-0.005589425563812256,0.26012104749679565,-0.055537134408950806,0.2610352039337158,-0.047850191593170166,0.2563074231147766,-0.037077516317367554,0.27151554822921753,-0.027242541313171387,0.2874528169631958,0.0,0.0,-0.047957152128219604,0.04499274492263794,0.013863682746887207,0.04992878437042236,-0.00792384147644043,0.036109209060668945,-0.02985784411430359,0.03617238998413086,0.007839083671569824,0.03875011205673218,-0.010874450206756592,0.045793771743774414,-0.011036336421966553,0.0511893630027771,-0.011990010738372803,0.0664370059967041,Parmak_Dudakta
0.03563135862350464,0.36948633193969727,0.08114504814147949,0.31151264905929565,0.09873908758163452,0.25353682041168213,0.09794819355010986,0.19269424676895142,0.07953095436096191,0.1627446413040161,0.023381412029266357,0.1843169927597046,-0.0026232004165649414,0.10642707347869873,-0.020009934902191162,0.06668591499328613,-0.035503387451171875,0.03662264347076416,-0.013989865779876709,0.19730740785598755,-0.003198862075805664,0.18033581972122192,0.010628700256347656,0.2021130919456482,0.019444525241851807,0.22382354736328125,-0.03725430369377136,0.23121654987335205,-0.019762814044952393,0.22016918659210205,-0.00890415906906128,0.24059641361236572,-0.0019302964210510254,0.2616163492202759,-0.055512309074401855,0.263744592666626,-0.04344373941421509,0.2557283043861389,-0.032740890979766846,0.2725505232810974,-0.023755192756652832,0.2899020314216614,0.0,0.0,-0.048289328813552856,0.04519534111022949,0.01361626386642456,0.05030244588851929,-0.008047699928283691,0.03648221492767334,-0.029940396547317505,0.036499738693237305,0.007582426071166992,0.039100706577301025,-0.011037766933441162,0.04622066020965576,-0.011189043521881104,0.05142509937286377,-0.012106001377105713,0.06670171022415161,Parmak_Dudakta
0.06456950306892395,0.4109857678413391,0.10799351334571838,0.35524624586105347,0.12517526745796204,0.2928364872932434,0.117669016122818,0.23293417692184448,0.09101530909538269,0.21680665016174316,0.05391380190849304,0.23163139820098877,0.02809765934944153,0.15444672107696533,0.012458115816116333,0.11070787906646729,-0.0028662383556365967,0.07789653539657593,0.020106524229049683,0.24678456783294678,0.013815194368362427,0.22516995668411255,0.026757270097732544,0.24732065200805664,0.037618428468704224,0.2716076970100403,-0.004617363214492798,0.2779424786567688,-0.0010255277156829834,0.2677285671234131,0.00976523756980896,0.2863883972167969,0.019780367612838745,0.30806320905685425,-0.02477729320526123,0.3084378242492676,-0.02061641216278076,0.30060452222824097,-0.00973859429359436,0.3166015148162842,0.0014164745807647705,0.3342409133911133,0.0,0.0,-0.04195377230644226,0.05749446153640747,0.023355156183242798,0.061884164810180664,-0.0046371519565582275,0.04540437459945679,-0.02537253499031067,0.046226561069488525,0.013120859861373901,0.04884880781173706,-0.0062837302684783936,0.055823326110839844,-0.006362438201904297,0.05815476179122925,-0.007190346717834473,0.07226365804672241,Parmak_Dudakta
0.06610885262489319,0.4042853116989136,0.1080838143825531,0.34709787368774414,0.12293455004692078,0.2844780683517456,0.11424306035041809,0.22454851865768433,0.08836963772773743,0.20757198333740234,0.0565202534198761,0.22377264499664307,0.03030213713645935,0.14643895626068115,0.014541178941726685,0.10352486371994019,-0.00011202692985534668,0.0710458755493164,0.022531360387802124,0.23922473192214966,0.013919264078140259,0.21081006526947021,0.027240246534347534,0.2314523458480835,0.03944900631904602,0.25664645433425903,-0.0017381608486175537,0.26951444149017334,0.000988692045211792,0.2532658576965332,0.012333959341049194,0.2707526683807373,0.022264212369918823,0.2929365634918213,-0.021584808826446533,0.2986310124397278,-0.01874569058418274,0.284385621547699,-0.0072609782218933105,0.2990168333053589,0.0046662986278533936,0.3171880841255188,0.0,0.0,-0.04045027494430542,0.05565333366394043,0.025491863489151,0.05778813362121582,-0.0034597814083099365,0.04448556900024414,-0.024121522903442383,0.045395076274871826,0.014568954706192017,0.04669344425201416,-0.004922837018966675,0.05430358648300171,-0.004898697137832642,0.055803120136260986,-0.005701571702957153,0.06972438097000122,Parmak_Dudakta
0.016766905784606934,0.3986678123474121,0.06023561954498291,0.34503328800201416,0.07936644554138184,0.28560781478881836,0.07563984394073486,0.22401994466781616,0.05098360776901245,0.2024393081665039,0.01255035400390625,0.22200727462768555,-0.010262668132781982,0.14037185907363892,-0.02552962303161621,0.09676563739776611,-0.03926783800125122,0.06520605087280273,-0.023260056972503662,0.2328757643699646,-0.02183014154434204,0.2120800018310547,-0.010329186916351318,0.2327318787574768,-4.673004150390625e-05,0.25545215606689453,-0.04788973927497864,0.26283371448516846,-0.04085862636566162,0.2516215443611145,-0.031253427267074585,0.2689984440803528,-0.02187982201576233,0.2896651029586792,-0.06747066974639893,0.29231876134872437,-0.060106247663497925,0.28563040494918823,-0.05022969841957092,0.30130183696746826,-0.040280163288116455,0.3180440664291382,0.0,0.0,-0.046611249446868896,0.05409419536590576,0.017055630683898926,0.05474400520324707,-0.006005287170410156,0.04229867458343506,-0.027670979499816895,0.04363924264907837,0.009725809097290039,0.04373520612716675,-0.008620917797088623,0.05265390872955322,-0.008673667907714844,0.05724799633026123,-0.008992612361907959,0.07262897491455078,Parmak_Dudakta
0.018119513988494873,0.4000033140182495,0.06214284896850586,0.34665346145629883,0.08184623718261719,0.2859486937522888,0.0781678557395935,0.2233576774597168,0.053176820278167725,0.20078635215759277,0.014129936695098877,0.2222505807876587,-0.008527755737304688,0.14002054929733276,-0.023345619440078735,0.0969628095626831,-0.03689509630203247,0.06572115421295166,-0.02218085527420044,0.2337024211883545,-0.018177568912506104,0.21229922771453857,-0.005619525909423828,0.23326146602630615,0.004311203956604004,0.2559354305267334,-0.04700750112533569,0.26358920335769653,-0.03717160224914551,0.2530636787414551,-0.027194678783416748,0.2710103988647461,-0.018502265214920044,0.2921149730682373,-0.06672042608261108,0.29316651821136475,-0.05648595094680786,0.2871759533882141,-0.046472132205963135,0.3032532334327698,-0.03720322251319885,0.32062262296676636,0.0,0.0,-0.04624870419502258,0.05375337600708008,0.017950236797332764,0.055430471897125244,-0.00585484504699707,0.04260694980621338,-0.027330875396728516,0.04371744394302368,0.01008141040802002,0.04441291093826294,-0.008330821990966797,0.05286365747451782,-0.008367478847503662,0.05608856678009033,-0.008601129055023193,0.07090914249420166,Parmak_Dudakta
0.08432063460350037,0.39433181285858154,0.1258859932422638,0.33937859535217285,0.1414802372455597,0.27701181173324585,0.13362082839012146,0.21733415126800537,0.10764530301094055,0.19810104370117188,0.07403960824012756,0.21532988548278809,0.05021992325782776,0.13963276147842407,0.03590628504753113,0.09701788425445557,0.022171616554260254,0.06431394815444946,0.04114428162574768,0.2300889492034912,0.030981868505477905,0.20541667938232422,0.043179839849472046,0.22815239429473877,0.05419018864631653,0.253184974193573,0.01654478907585144,0.2604878544807434,0.015543937683105469,0.24569487571716309,0.02669045329093933,0.2641294598579407,0.036914676427841187,0.28683656454086304,-0.003712892532348633,0.2903297543525696,-0.005477845668792725,0.276513934135437,0.006001412868499756,0.2910105586051941,0.017935186624526978,0.3098546266555786,0.0,0.0,-0.036001116037368774,0.04715961217880249,0.030077338218688965,0.05349123477935791,-0.00242006778717041,0.0395430326461792,-0.022164344787597656,0.03891706466674805,0.017418116331100464,0.04289132356643677,-0.0030996501445770264,0.04915928840637207,-0.002964913845062256,0.04944050312042236,-0.004047185182571411,0.06344479322433472,Parmak_Dudakta
0.08429718017578125,0.4007112979888916,0.1259973645210266,0.34499889612197876,0.14204096794128418,0.28218233585357666,0.13415062427520752,0.22260141372680664,0.10815393924713135,0.20372170209884644,0.0744776725769043,0.2205193042755127,0.04969823360443115,0.14473241567611694,0.035231709480285645,0.10203564167022705,0.021760642528533936,0.06913876533508301,0.042051613330841064,0.23482924699783325,0.030151277780532837,0.21493077278137207,0.041041672229766846,0.2373773455619812,0.05275225639343262,0.2618137001991272,0.017506003379821777,0.26530522108078003,0.015905022621154785,0.25540125370025635,0.026251226663589478,0.2738022804260254,0.03710043430328369,0.2952413558959961,-0.0030156970024108887,0.29500293731689453,-0.003233879804611206,0.2859603762626648,0.007984757423400879,0.30159664154052734,0.02037966251373291,0.319635808467865,0.0,0.0,-0.0363040566444397,0.051680684089660645,0.03181016445159912,0.05757951736450195,-0.0019549429416656494,0.042502760887145996,-0.02200913429260254,0.042342305183410645,0.018265098333358765,0.04593688249588013,-0.0024521052837371826,0.05295288562774658,-0.002315908670425415,0.05339533090591431,-0.0032126009464263916,0.0679822564125061,Parmak_Dudakta
0.12870299816131592,0.07107460498809814,0.0901104211807251,0.04009652137756348,0.05684661865234375,-0.00384443998336792,0.02979409694671631,-0.04317355155944824,0.01624026894569397,-0.08588624000549316,0.11718964576721191,-0.07410365343093872,0.09013420343399048,-0.12078738212585449,0.0590938925743103,-0.1191205382347107,0.03762334585189819,-0.10450601577758789,0.13191580772399902,-0.08832085132598877,0.11412596702575684,-0.15825730562210083,0.08954030275344849,-0.1964976191520691,0.06879293918609619,-0.22873854637145996,0.15041345357894897,-0.09127140045166016,0.1502733826637268,-0.16542840003967285,0.1344306468963623,-0.20858752727508545,0.11720412969589233,-0.24194952845573425,0.16894835233688354,-0.08392065763473511,0.18923097848892212,-0.14484313130378723,0.18626147508621216,-0.18654924631118774,0.17420059442520142,-0.21853256225585938,0.0,0.0,-0.02867567539215088,0.055376291275024414,0.042557597160339355,0.05959850549697876,0.0016402602195739746,0.04268711805343628,-0.017844587564468384,0.04346120357513428,0.02514171600341797,0.04612159729003906,0.003036588430404663,0.055333077907562256,0.0028831660747528076,0.058057546615600586,0.0023659169673919678,0.0770455002784729,Dil_Disarida
0.13054504990577698,0.0714956521987915,0.0910697877407074,0.040235161781311035,0.057301729917526245,-0.0032743215560913086,0.0300767719745636,-0.04232192039489746,0.01745891571044922,-0.08494216203689575,0.11799976229667664,-0.07536840438842773,0.09088572859764099,-0.12242406606674194,0.059782952070236206,-0.11962977051734924,0.03846091032028198,-0.10380083322525024,0.13317659497261047,-0.08989953994750977,0.11545923352241516,-0.15991446375846863,0.09111109375953674,-0.19796931743621826,0.07005062699317932,-0.23016005754470825,0.15161702036857605,-0.09229671955108643,0.1515035331249237,-0.16686421632766724,0.1361960470676422,-0.21021738648414612,0.1189546287059784,-0.24433529376983643,0.16978278756141663,-0.08321750164031982,0.19059565663337708,-0.1430738866329193,0.188278466463089,-0.18487447500228882,0.17661204934120178,-0.2181602120399475,0.0,0.0,-0.029565423727035522,0.05330204963684082,0.042692750692367554,0.058471500873565674,0.0013885796070098877,0.04190546274185181,-0.018350958824157715,0.04228097200393677,0.02511349320411682,0.04547691345214844,0.00271761417388916,0.05433297157287598,0.0024619102478027344,0.056926071643829346,0.0018667876720428467,0.07560884952545166,Dil_Disarida
0.13062813878059387,0.0730208158493042,0.09159955382347107,0.04181826114654541,0.05803379416465759,-0.0028373003005981445,0.03065529465675354,-0.04228943586349487,0.017701804637908936,-0.08509355783462524,0.11855795979499817,-0.07459032535552979,0.09129378199577332,-0.12157261371612549,0.060041576623916626,-0.1192328929901123,0.03862312436103821,-0.10339367389678955,0.13355079293251038,-0.08903557062149048,0.11530330777168274,-0.15881693363189697,0.09115436673164368,-0.1962730884552002,0.07047250866889954,-0.2281535267829895,0.15202757716178894,-0.09129142761230469,0.15147843956947327,-0.16635221242904663,0.136092871427536,-0.20928749442100525,0.11894658207893372,-0.24318349361419678,0.17027154564857483,-0.08176213502883911,0.1915780007839203,-0.1410180926322937,0.1894761621952057,-0.18269425630569458,0.17805364727973938,-0.21608677506446838,0.0,0.0,-0.03015628457069397,0.052566587924957275,0.04284965991973877,0.05786842107772827,0.001218169927597046,0.041621267795562744,-0.018774300813674927,0.04176521301269531,0.02517920732498169,0.04499632120132446,0.002541482448577881,0.05397671461105347,0.0022364556789398193,0.05686694383621216,0.001629859209060669,0.07566314935684204,Dil_Disarida
0.1319558024406433,0.07370400428771973,0.09237629175186157,0.041732609272003174,0.05811840295791626,-0.0017833113670349121,0.030322730541229248,-0.041557908058166504,0.017603904008865356,-0.08522599935531616,0.11955446004867554,-0.07408905029296875,0.09179455041885376,-0.1215081512928009,0.06058824062347412,-0.11891186237335205,0.03911173343658447,-0.10314607620239258,0.13492006063461304,-0.08893424272537231,0.11665874719619751,-0.15944957733154297,0.0923088788986206,-0.1973596215248108,0.07140743732452393,-0.22955933213233948,0.1536657214164734,-0.09152781963348389,0.15313667058944702,-0.16626650094985962,0.13752949237823486,-0.20952552556991577,0.12024086713790894,-0.24336379766464233,0.17210263013839722,-0.0826270580291748,0.19254451990127563,-0.14212700724601746,0.1898353099822998,-0.18356779217720032,0.17791157960891724,-0.21664392948150635,0.0,0.0,-0.029325634241104126,0.052116215229034424,0.042945146560668945,0.05723005533218384,0.0014736056327819824,0.04099702835083008,-0.018287092447280884,0.041266024112701416,0.025341302156448364,0.04441714286804199,0.002865701913833618,0.0532260537147522,0.002587556838989258,0.05584913492202759,0.0020008385181427,0.07440185546875,Dil_Disarida
0.1376284956932068,0.06955820322036743,0.09598499536514282,0.039233386516571045,0.059518635272979736,-0.003093123435974121,0.029955804347991943,-0.03811854124069214,0.015025734901428223,-0.07927989959716797,0.11286216974258423,-0.08323502540588379,0.07884138822555542,-0.12740787863731384,0.04613524675369263,-0.12208527326583862,0.022907763719558716,-0.10425984859466553,0.12852823734283447,-0.09805548191070557,0.11285513639450073,-0.17100030183792114,0.08390986919403076,-0.20368582010269165,0.05553996562957764,-0.2239561676979065,0.14761203527450562,-0.10012191534042358,0.14414411783218384,-0.17821452021598816,0.12416297197341919,-0.22050920128822327,0.10174703598022461,-0.2507234215736389,0.16631579399108887,-0.09006297588348389,0.18523657321929932,-0.15043506026268005,0.18021613359451294,-0.19258922338485718,0.16591525077819824,-0.226509690284729,0.0,0.0,-0.03454574942588806,0.050108373165130615,0.03761184215545654,0.05248671770095825,-0.0002631247043609619,0.03855299949645996,-0.020846962928771973,0.03960233926773071,0.02202865481376648,0.04099351167678833,-6.711483001708984e-05,0.04951763153076172,-0.00011757016181945801,0.05230367183685303,-0.0009124577045440674,0.06894189119338989,Dil_Disarida
0.13578370213508606,0.06881994009017944,0.09492787718772888,0.03760033845901489,0.05791398882865906,-0.005581915378570557,0.02690526843070984,-0.040791869163513184,0.011769592761993408,-0.08277207612991333,0.11277487874031067,-0.08525627851486206,0.07740488648414612,-0.12906038761138916,0.044409483671188354,-0.1228552758693695,0.02174702286720276,-0.10491889715194702,0.1284625232219696,-0.09956461191177368,0.11209002137184143,-0.1731591820716858,0.08293631672859192,-0.206101655960083,0.05471649765968323,-0.2271176278591156,0.14741113781929016,-0.10084199905395508,0.14347681403160095,-0.17956691980361938,0.12343451380729675,-0.22209316492080688,0.10107985138893127,-0.252946674823761,0.16561946272850037,-0.09015071392059326,0.18438604474067688,-0.15177804231643677,0.1791990101337433,-0.194061279296875,0.1648121178150177,-0.22782772779464722,0.0,0.0,-0.035028159618377686,0.04907172918319702,0.037969499826431274,0.05123090744018555,-0.0002537965774536133,0.03789567947387695,-0.021236270666122437,0.03893780708312988,0.02235761284828186,0.04014384746551514,-7.283687591552734e-05,0.04880833625793457,-9.21785831451416e-05,0.051418304443359375,-0.0008327066898345947,0.06801611185073853,Dil_Disarida
-0.1613674759864807,0.06749892234802246,-0.11742070317268372,0.04584801197052002,-0.0756767988204956,0.009509921073913574,-0.03642413020133972,-0.014367341995239258,-0.01022958755493164,-0.04381251335144043,-0.142575204372406,-0.0797194242477417,-0.08006387948989868,-0.11114588379859924,-0.04346787929534912,-0.0972599983215332,-0.021583616733551025,-0.07200098037719727,-0.1608293354511261,-0.09166866540908813,-0.13239115476608276,-0.16747957468032837,-0.09642022848129272,-0.19700199365615845,-0.06408503651618958,-0.20293018221855164,-0.16984716057777405,-0.08769679069519043,-0.15802228450775146,-0.16176116466522217,-0.12983128428459167,-0.19310694932937622,-0.10233831405639648,-0.2057580053806305,-0.16950535774230957,-0.07667809724807739,-0.1646447777748108,-0.13616898655891418,-0.14957892894744873,-0.16985014081001282,-0.1302890181541443,-0.18964534997940063,0.0,0.0,-0.061016470193862915,0.062290191650390625,0.006623685359954834,0.06070256233215332,-0.010976076126098633,0.04357719421386719,-0.035952240228652954,0.04753232002258301,0.0037502050399780273,0.046024203300476074,-0.015157878398895264,0.056180596351623535,-0.0157320499420166,0.060749173164367676,-0.014960765838623047,0.0778077244758606,Dil_Disarida
-0.1665312945842743,0.06266307830810547,-0.12376880645751953,0.04380065202713013,-0.08320051431655884,0.00300443172454834,-0.043390631675720215,-0.02314382791519165,-0.0169333815574646,-0.05161905288696289,-0.14629709720611572,-0.08531463146209717,-0.08789050579071045,-0.11944669485092163,-0.052023112773895264,-0.1071133017539978,-0.03015035390853882,-0.08340603113174438,-0.16778388619422913,-0.0940389633178711,-0.14040759205818176,-0.16970723867416382,-0.10528945922851562,-0.1996001899242401,-0.07353395223617554,-0.205114483833313,-0.17909997701644897,-0.08714103698730469,-0.171292245388031,-0.1561875343322754,-0.14506036043167114,-0.1867348849773407,-0.11833769083023071,-0.1998668909072876,-0.18028780817985535,-0.0735018253326416,-0.18110772967338562,-0.12652772665023804,-0.16947200894355774,-0.15729430317878723,-0.1521722674369812,-0.17563989758491516,0.0,0.0,-0.05997881293296814,0.058135271072387695,0.010290682315826416,0.05008822679519653,-0.009545385837554932,0.04090166091918945,-0.03528448939323425,0.04565775394439697,0.006172299385070801,0.04024016857147217,-0.0134735107421875,0.0523105263710022,-0.013812065124511719,0.053487420082092285,-0.012849092483520508,0.06986832618713379,Dil_Disarida
-0.17199602723121643,0.0655176043510437,-0.1254321038722992,0.04778695106506348,-0.08351436257362366,0.006784975528717041,-0.04467087984085083,-0.022836506366729736,-0.018045902252197266,-0.052884578704833984,-0.1497984230518341,-0.0821107029914856,-0.08986502885818481,-0.11722543835639954,-0.05500587821006775,-0.10483622550964355,-0.034167319536209106,-0.08207160234451294,-0.1727030873298645,-0.09175187349319458,-0.1433562934398651,-0.16843584179878235,-0.10769477486610413,-0.19926077127456665,-0.07530328631401062,-0.20571422576904297,-0.18497046828269958,-0.0854601263999939,-0.17405468225479126,-0.15229159593582153,-0.1499561369419098,-0.18156981468200684,-0.12590670585632324,-0.19378933310508728,-0.1879146695137024,-0.07287842035293579,-0.18646514415740967,-0.12392762303352356,-0.17652463912963867,-0.15152102708816528,-0.16110801696777344,-0.1663023829460144,0.0,0.0,-0.059781044721603394,0.060677409172058105,0.011360645294189453,0.05207175016403198,-0.008919119834899902,0.04104679822921753,-0.035298049449920654,0.04653024673461914,0.00725400447845459,0.040852129459381104,-0.012749731540679932,0.05338770151138306,-0.013120472431182861,0.055424630641937256,-0.012022733688354492,0.07259875535964966,Dil_Disarida
-0.17232069373130798,0.06443482637405396,-0.12533891201019287,0.0471917986869812,-0.0831320583820343,0.005082070827484131,-0.04327279329299927,-0.02351677417755127,-0.01561284065246582,-0.051850855350494385,-0.14968407154083252,-0.08463162183761597,-0.08896052837371826,-0.11722034215927124,-0.054088979959487915,-0.10438305139541626,-0.03399243950843811,-0.08233118057250977,-0.17290425300598145,-0.09423643350601196,-0.14250728487968445,-0.1718529462814331,-0.10645595192909241,-0.20035207271575928,-0.07431080937385559,-0.20383715629577637,-0.18528616428375244,-0.08731138706207275,-0.17146536707878113,-0.15534436702728271,-0.14422211050987244,-0.18229690194129944,-0.11881592869758606,-0.19197505712509155,-0.1874057650566101,-0.07387304306030273,-0.18308502435684204,-0.1262609362602234,-0.17022451758384705,-0.15221768617630005,-0.15361565351486206,-0.1655101180076599,0.0,0.0,-0.060494184494018555,0.059952378273010254,0.011262178421020508,0.05136847496032715,-0.008974850177764893,0.04066568613052368,-0.03566226363182068,0.04619193077087402,0.007301390171051025,0.04041236639022827,-0.012815535068511963,0.053061485290527344,-0.013154447078704834,0.054468393325805664,-0.012076377868652344,0.07148921489715576,Dil_Disarida
-0.036782145500183105,-0.25968626141548157,-0.03439450263977051,-0.19061684608459473,-0.04166579246520996,-0.13526436686515808,-0.03699833154678345,-0.08609634637832642,-0.03648346662521362,-0.039109766483306885,-0.1089201271533966,-0.12309503555297852,-0.1026357114315033,-0.06004410982131958,-0.07277277112007141,-0.036102890968322754,-0.047143757343292236,-0.02643454074859619,-0.12045550346374512,-0.12565606832504272,-0.1452045440673828,-0.049935221672058105,-0.14325281977653503,0.0019060373306274414,-0.13715150952339172,0.04481232166290283,-0.12374240159988403,-0.13535097241401672,-0.1704590618610382,-0.07771998643875122,-0.19135579466819763,-0.03009486198425293,-0.20612913370132446,0.009222090244293213,-0.12079185247421265,-0.14643988013267517,-0.1650700569152832,-0.11093080043792725,-0.1881597340106964,-0.07801306247711182,-0.20583808422088623,-0.043201982975006104,0.0,0.0,-0.05420348048210144,0.04970705509185791,0.008622407913208008,0.058634281158447266,-0.010665714740753174,0.040357887744903564,-0.03368252515792847,0.03978550434112549,0.004086852073669434,0.04460185766220093,-0.01489412784576416,0.052040159702301025,-0.01489168405532837,0.054638564586639404,-0.017039000988006592,0.07230174541473389,Dil_Disarida
-0.03243434429168701,-0.24576693773269653,-0.02936708927154541,-0.18048518896102905,-0.03079932928085327,-0.12127956748008728,-0.02464282512664795,-0.06955850124359131,-0.02418273687362671,-0.02501124143600464,-0.10180225968360901,-0.1171194314956665,-0.0942290723323822,-0.055152714252471924,-0.06356063485145569,-0.02654927968978882,-0.03893887996673584,-0.01410907506942749,-0.11437773704528809,-0.11845940351486206,-0.14688533544540405,-0.05215948820114136,-0.15872052311897278,-0.0035170912742614746,-0.16983121633529663,0.03858029842376709,-0.11615341901779175,-0.12382382154464722,-0.16226407885551453,-0.06745660305023193,-0.18477031588554382,-0.024408817291259766,-0.2025470733642578,0.011714816093444824,-0.11195868253707886,-0.12954983115196228,-0.15532904863357544,-0.09762656688690186,-0.17848065495491028,-0.06794089078903198,-0.19777506589889526,-0.036263227462768555,0.0,0.0,-0.055553823709487915,0.05353933572769165,0.009823143482208252,0.05981212854385376,-0.009985506534576416,0.040899693965911865,-0.03387272357940674,0.04168957471847534,0.005098223686218262,0.04503965377807617,-0.014172255992889404,0.05305570363998413,-0.01429450511932373,0.056691110134124756,-0.015983760356903076,0.07421749830245972,Dil_Disarida
-0.02798253297805786,-0.23313599824905396,-0.02630794048309326,-0.16596990823745728,-0.03121095895767212,-0.11413145065307617,-0.02914559841156006,-0.07100367546081543,-0.031784117221832275,-0.03014242649078369,-0.09474170207977295,-0.1098526120185852,-0.09020015597343445,-0.051741063594818115,-0.061349719762802124,-0.025402486324310303,-0.03728783130645752,-0.012510538101196289,-0.10774528980255127,-0.11151069402694702,-0.13458096981048584,-0.04323607683181763,-0.13859453797340393,0.008238613605499268,-0.14104583859443665,0.04906708002090454,-0.11058944463729858,-0.11706662178039551,-0.15735891461372375,-0.060823023319244385,-0.17881017923355103,-0.014784634113311768,-0.1946541666984558,0.021562576293945312,-0.10823631286621094,-0.12236621975898743,-0.1526263952255249,-0.08908438682556152,-0.1761995255947113,-0.05893450975418091,-0.19457125663757324,-0.02822244167327881,0.0,0.0,-0.0550728440284729,0.05305749177932739,0.010707676410675049,0.058885812759399414,-0.009622037410736084,0.04143404960632324,-0.03320211172103882,0.04204106330871582,0.005397498607635498,0.0450969934463501,-0.013607621192932129,0.05312955379486084,-0.01372230052947998,0.056258320808410645,-0.015035748481750488,0.0728711485862732,Dil_Disarida
