x0,y0,x1,y1,x2,y2,x3,y3,x4,y4,x5,y5,x6,y6,x7,y7,x8,y8,x9,y9,x10,y10,x11,y11,x12,y12,x13,y13,x14,y14,x15,y15,x16,y16,x17,y17,x18,y18,x19,y19,x20,y20,etiket
0.0,0.0,-0.06452286243438721,-0.03975015878677368,-0.11177253723144531,-0.10953158140182495,-0.13333773612976074,-0.1789817214012146,-0.14257800579071045,-0.2419339418411255,-0.07459741830825806,-0.21336746215820312,-0.09669160842895508,-0.2936272621154785,-0.11259526014328003,-0.3399048447608948,-0.12764334678649902,-0.3814573585987091,-0.0385512113571167,-0.22202378511428833,-0.05415749549865723,-0.30893242359161377,-0.06859636306762695,-0.3586162328720093,-0.08518624305725098,-0.4007794260978699,-0.0022433996200561523,-0.21325314044952393,-0.01036745309829712,-0.297885537147522,-0.024692058563232422,-0.3466346859931946,-0.0454486608505249,-0.38786858320236206,0.03737151622772217,-0.19016629457473755,0.04881429672241211,-0.2609173059463501,0.04405897855758667,-0.3015502691268921,0.028329908847808838,-0.3355463743209839,Yumruk
0.0,0.0,-0.07950472831726074,-0.02450871467590332,-0.15593481063842773,-0.08763444423675537,-0.20268213748931885,-0.1492314338684082,-0.22564226388931274,-0.21423476934432983,-0.09831100702285767,-0.24326243996620178,-0.12516754865646362,-0.33062708377838135,-0.150462806224823,-0.357439786195755,-0.17738205194473267,-0.36172953248023987,-0.05620145797729492,-0.2642309069633484,-0.07537972927093506,-0.3712325096130371,-0.10527586936950684,-0.41760480403900146,-0.13931888341903687,-0.434782475233078,-0.010189652442932129,-0.26297199726104736,-0.027280867099761963,-0.3692667484283447,-0.05731087923049927,-0.41546204686164856,-0.09462881088256836,-0.4335476905107498,0.037879884243011475,-0.2441813349723816,0.04724353551864624,-0.3400713801383972,0.03337806463241577,-0.3862670361995697,0.005976617336273193,-0.40891575813293457,Yumruk
0.0,0.0,-0.07716113328933716,-0.03865015506744385,-0.13191914558410645,-0.1173468828201294,-0.15641087293624878,-0.18602615594863892,-0.17846465110778809,-0.2396031618118286,-0.08383524417877197,-0.22942519187927246,-0.10294997692108154,-0.3069765567779541,-0.12369227409362793,-0.34022778272628784,-0.14886057376861572,-0.36031997203826904,-0.0484195351600647,-0.24053823947906494,-0.06800663471221924,-0.32854604721069336,-0.09387516975402832,-0.36577123403549194,-0.12343078851699829,-0.3852483034133911,-0.012370049953460693,-0.2345966100692749,-0.02790898084640503,-0.32313430309295654,-0.05423992872238159,-0.3641192317008972,-0.0867493748664856,-0.38801079988479614,0.027732431888580322,-0.21438419818878174,0.03372454643249512,-0.2962955832481384,0.018723607063293457,-0.3385612368583679,-0.007111966609954834,-0.36804139614105225,Acik El
0.0,0.0,-0.08682429790496826,-0.04538935422897339,-0.15342766046524048,-0.13624733686447144,-0.1874680519104004,-0.21420514583587646,-0.2181357741355896,-0.27765023708343506,-0.09621000289916992,-0.2772967219352722,-0.11307507753372192,-0.3779008388519287,-0.1351737380027771,-0.42391645908355713,-0.16304785013198853,-0.4617937207221985,-0.052186667919158936,-0.28653043508529663,-0.07156097888946533,-0.4004574716091156,-0.09476912021636963,-0.4650629460811615,-0.1229017972946167,-0.5205502808094025,-0.007571280002593994,-0.2743402123451233,-0.018733322620391846,-0.3873484134674072,-0.03935885429382324,-0.452306866645813,-0.06893026828765869,-0.5086733102798462,0.04055541753768921,-0.24354374408721924,0.055033206939697266,-0.33852338790893555,0.04883301258087158,-0.39658138155937195,0.02961719036102295,-0.44772154092788696,Baris Isareti
0.0,0.0,-0.07512158155441284,-0.022465050220489502,-0.1458977460861206,-0.07593518495559692,-0.1989094614982605,-0.12024784088134766,-0.24363672733306885,-0.15091603994369507,-0.08764100074768066,-0.23159921169281006,-0.11398941278457642,-0.33342593908309937,-0.12802553176879883,-0.39503031969070435,-0.13899272680282593,-0.44814592599868774,-0.045951128005981445,-0.24479466676712036,-0.0633695125579834,-0.357129842042923,-0.07221436500549316,-0.42433691024780273,-0.07878917455673218,-0.4800744354724884,-0.0027655959129333496,-0.23640000820159912,-0.014236211776733398,-0.3405211567878723,-0.022266089916229248,-0.4034489691257477,-0.030749022960662842,-0.4606219530105591,0.04306298494338989,-0.2120910882949829,0.048045456409454346,-0.29640012979507446,0.04831594228744507,-0.35119229555130005,0.04615628719329834,-0.4042814373970032,Acik El
0.0,0.0,-0.07346165180206299,-0.023347854614257812,-0.14276057481765747,-0.07668626308441162,-0.1941574215888977,-0.11946672201156616,-0.23746901750564575,-0.1500554084777832,-0.08494246006011963,-0.22972261905670166,-0.11024051904678345,-0.3284416198730469,-0.12438333034515381,-0.3879690170288086,-0.1358189582824707,-0.43951210379600525,-0.044192492961883545,-0.2418687343597412,-0.060143113136291504,-0.35267215967178345,-0.06844925880432129,-0.41902053356170654,-0.07498705387115479,-0.4739112854003906,-0.0020985007286071777,-0.23235607147216797,-0.012123525142669678,-0.3347782790660858,-0.019099712371826172,-0.39723366498947144,-0.026995360851287842,-0.45399370789527893,0.042493581771850586,-0.20721065998077393,0.049361348152160645,-0.2906200885772705,0.05049699544906616,-0.34508782625198364,0.04835397005081177,-0.39802390336990356,Acik El
0.0,0.0,0.06155991554260254,-0.0580902099609375,0.10991930961608887,-0.1193157434463501,0.14596450328826904,-0.17823177576065063,0.1716519594192505,-0.22944140434265137,0.02805793285369873,-0.22398501634597778,0.030555665493011475,-0.3398921489715576,0.031427621841430664,-0.4058534502983093,0.03122645616531372,-0.4606315791606903,-0.018444180488586426,-0.21773284673690796,-0.026370465755462646,-0.33831751346588135,-0.033766329288482666,-0.4115891754627228,-0.04074960947036743,-0.4643237888813019,-0.0562099814414978,-0.1952066421508789,-0.0639844536781311,-0.30223822593688965,-0.06520652770996094,-0.36669301986694336,-0.06461364030838013,-0.41518303751945496,-0.08776164054870605,-0.1655399203300476,-0.09920769929885864,-0.252616822719574,-0.10103946924209595,-0.30384284257888794,-0.0987471342086792,-0.34675753116607666,Acik El
0.0,0.0,0.05891060829162598,-0.0577048659324646,0.10438799858093262,-0.11704009771347046,0.1395035982131958,-0.17451119422912598,0.16300451755523682,-0.2224409580230713,0.02789682149887085,-0.22336965799331665,0.03103107213973999,-0.3374060392379761,0.03194689750671387,-0.4034367799758911,0.031528353691101074,-0.4576262831687927,-0.017217516899108887,-0.21931999921798706,-0.023793816566467285,-0.34037601947784424,-0.031765758991241455,-0.4145166277885437,-0.03886234760284424,-0.46850091218948364,-0.0555424690246582,-0.19808220863342285,-0.06253629922866821,-0.3077949285507202,-0.06555873155593872,-0.3759877681732178,-0.06632822751998901,-0.4257913827896118,-0.08897149562835693,-0.1669931411743164,-0.1018071174621582,-0.2543065547943115,-0.10688406229019165,-0.3072115182876587,-0.10828804969787598,-0.3515072464942932,Acik El
0.0,0.0,-0.02992027997970581,0.07059210538864136,-0.06912344694137573,0.13783550262451172,-0.10214906930923462,0.19329732656478882,-0.1305786371231079,0.24032312631607056,-0.15788155794143677,0.04743713140487671,-0.22674506902694702,0.06633955240249634,-0.2664780020713806,0.07459956407546997,-0.30193305015563965,0.07831472158432007,-0.15990781784057617,0.0033606886863708496,-0.23468017578125,0.007196366786956787,-0.27998068928718567,0.005861043930053711,-0.3174022436141968,0.0017653107643127441,-0.14731943607330322,-0.03913384675979614,-0.2146674394607544,-0.04389065504074097,-0.25560593605041504,-0.04520761966705322,-0.2904687523841858,-0.045728594064712524,-0.12495583295822144,-0.08135172724723816,-0.17643260955810547,-0.09665033221244812,-0.20992130041122437,-0.10219436883926392,-0.24150380492210388,-0.1057024598121643,Acik El
0.0,0.0,-0.030821025371551514,0.06940305233001709,-0.07131063938140869,0.13547229766845703,-0.10496705770492554,0.1906924843788147,-0.13227063417434692,0.23658233880996704,-0.15936577320098877,0.04561948776245117,-0.22766399383544922,0.06200122833251953,-0.2673889398574829,0.06983375549316406,-0.3014738857746124,0.07307761907577515,-0.16110670566558838,0.0016869902610778809,-0.23643633723258972,0.004152894020080566,-0.28088176250457764,0.004557430744171143,-0.3163904547691345,0.002904534339904785,-0.14933383464813232,-0.04070550203323364,-0.21844333410263062,-0.045570969581604004,-0.2600764036178589,-0.04637271165847778,-0.29422420263290405,-0.045299530029296875,-0.12799495458602905,-0.08300095796585083,-0.17975860834121704,-0.0970887541770935,-0.21398034691810608,-0.10095426440238953,-0.24548685550689697,-0.10222500562667847,Acik El
0.0,0.0,0.04570561647415161,-0.06890970468521118,0.07217550277709961,-0.13256949186325073,0.09293854236602783,-0.19219768047332764,0.11018526554107666,-0.23386281728744507,0.004971921443939209,-0.22295188903808594,-0.009890496730804443,-0.32913440465927124,-0.018683254718780518,-0.3871142864227295,-0.025810301303863525,-0.43401116132736206,-0.029559552669525146,-0.21127396821975708,-0.05714517831802368,-0.3247278332710266,-0.07514464855194092,-0.39087212085723877,-0.08809930086135864,-0.4386604428291321,-0.060546040534973145,-0.18358206748962402,-0.08429211378097534,-0.2884446382522583,-0.09849178791046143,-0.35390186309814453,-0.10769897699356079,-0.4017651677131653,-0.08999919891357422,-0.14462226629257202,-0.11694091558456421,-0.22633373737335205,-0.12945768237113953,-0.27556300163269043,-0.13872957229614258,-0.3173571825027466,Acik El
0.0,0.0,-0.056685447692871094,-0.05917704105377197,-0.09325486421585083,-0.12152481079101562,-0.12957732379436493,-0.18228286504745483,-0.16364625096321106,-0.22418075799942017,-0.0025345981121063232,-0.21724015474319458,0.002062469720840454,-0.32285386323928833,0.006445050239562988,-0.38493669033050537,0.013386249542236328,-0.43328091502189636,0.035823434591293335,-0.20759987831115723,0.050779879093170166,-0.32163912057876587,0.06058990955352783,-0.3891013264656067,0.07033959031105042,-0.43720000982284546,0.06670251488685608,-0.17994672060012817,0.08684176206588745,-0.2809722423553467,0.09782472252845764,-0.33997589349746704,0.1053425669670105,-0.3840971887111664,0.092532217502594,-0.14462202787399292,0.1204061508178711,-0.2169475555419922,0.1364901065826416,-0.25953203439712524,0.1506940722465515,-0.2966546416282654,Acik El
0.0,0.0,-0.05671769380569458,-0.05868124961853027,-0.09303618967533112,-0.12098538875579834,-0.12861235439777374,-0.1813938021659851,-0.1625364124774933,-0.22376376390457153,-0.003447413444519043,-0.21702909469604492,0.0011304914951324463,-0.3213267922401428,0.005745679140090942,-0.38285985589027405,0.012979865074157715,-0.4311627149581909,0.034720927476882935,-0.20752108097076416,0.04977530241012573,-0.3203187584877014,0.06013929843902588,-0.3875604271888733,0.07053661346435547,-0.4353712499141693,0.0658823549747467,-0.17931532859802246,0.08660626411437988,-0.2797282934188843,0.09813544154167175,-0.3382740020751953,0.10652944445610046,-0.382498562335968,0.09226173162460327,-0.1431342363357544,0.1208467185497284,-0.2141817808151245,0.137651264667511,-0.25693297386169434,0.15293225646018982,-0.2946149706840515,Acik El
0.0,0.0,0.07098114490509033,-0.019476890563964844,0.1404607892036438,-0.053427815437316895,0.19815489649772644,-0.06895303726196289,0.2461160123348236,-0.07191228866577148,0.09044423699378967,-0.20728552341461182,0.12499403953552246,-0.2996883988380432,0.14476004242897034,-0.3558381199836731,0.16088715195655823,-0.40494778752326965,0.04862937331199646,-0.22596359252929688,0.06503438949584961,-0.33646300435066223,0.07441508769989014,-0.40301579236984253,0.08127504587173462,-0.45719873905181885,0.007913917303085327,-0.22167396545410156,0.018257200717926025,-0.32459956407546997,0.027548372745513916,-0.3866916000843048,0.036750197410583496,-0.4398081600666046,-0.0340539813041687,-0.19842559099197388,-0.04394152760505676,-0.27450406551361084,-0.04783494770526886,-0.32280218601226807,-0.05003023147583008,-0.3670923709869385,Acik El
0.0,0.0,0.07119449973106384,-0.018546104431152344,0.14153671264648438,-0.05253255367279053,0.20025205612182617,-0.0670209527015686,0.24805760383605957,-0.06782782077789307,0.0935090184211731,-0.20597988367080688,0.12969151139259338,-0.2967587411403656,0.15029951930046082,-0.35335206985473633,0.16704747080802917,-0.4027341604232788,0.0514068603515625,-0.22586655616760254,0.067253977060318,-0.33599233627319336,0.07664650678634644,-0.4031516909599304,0.08395817875862122,-0.45831334590911865,0.010158240795135498,-0.22261369228363037,0.02110379934310913,-0.32422104477882385,0.03050708770751953,-0.38544315099716187,0.03981330990791321,-0.43799179792404175,-0.03201708197593689,-0.20013940334320068,-0.04230198264122009,-0.27452486753463745,-0.047202154994010925,-0.32186251878738403,-0.050455763936042786,-0.3654431402683258,Acik El
0.0,0.0,0.039732471108436584,0.07029512524604797,0.08543120324611664,0.13641873002052307,0.11859749257564545,0.19423821568489075,0.1390620917081833,0.24387094378471375,0.17313988506793976,0.028085261583328247,0.2462674230337143,0.03992113471031189,0.2894640415906906,0.04652830958366394,0.32629190385341644,0.05180606245994568,0.17002882063388824,-0.022303849458694458,0.24990426003932953,-0.031906336545944214,0.30090658366680145,-0.03719213604927063,0.3407273143529892,-0.04036560654640198,0.15354089438915253,-0.06483772397041321,0.22593985497951508,-0.08184188604354858,0.27105365693569183,-0.08542314171791077,0.3073614090681076,-0.08470860123634338,0.12494204938411713,-0.10413429141044617,0.17322222888469696,-0.13701263070106506,0.2073521763086319,-0.15488579869270325,0.23951511085033417,-0.1677350103855133,Acik El
0.0,0.0,0.0421978235244751,0.05019912123680115,0.09375283122062683,0.08841803669929504,0.12955501675605774,0.11854824423789978,0.15397432446479797,0.13687321543693542,0.17398571968078613,0.01720467209815979,0.2465401291847229,0.021903663873672485,0.28829917311668396,0.025706857442855835,0.32257285714149475,0.030259400606155396,0.17104887962341309,-0.01617833971977234,0.25263315439224243,-0.02587231993675232,0.30407997965812683,-0.026979923248291016,0.34446755051612854,-0.027794480323791504,0.15457984805107117,-0.0465548038482666,0.22865495085716248,-0.07283037900924683,0.274406760931015,-0.07409575581550598,0.31201043725013733,-0.0702839195728302,0.1260659396648407,-0.07485264539718628,0.17142698168754578,-0.11661159992218018,0.20631808042526245,-0.12871280312538147,0.23934760689735413,-0.13288500905036926,Acik El
0.0,0.0,0.03527764976024628,-0.07296904921531677,0.08159840106964111,-0.12085261940956116,0.10991665720939636,-0.17475202679634094,0.11629915237426758,-0.2243395447731018,0.16352099180221558,-0.059620827436447144,0.2478545606136322,-0.06060782074928284,0.29783278703689575,-0.058624207973480225,0.3348701596260071,-0.05678102374076843,0.16663005948066711,-0.01661655306816101,0.262347012758255,-0.013711869716644287,0.3181438446044922,-0.01204577088356018,0.3574211001396179,-0.010600537061691284,0.15824562311172485,0.027483493089675903,0.24740386009216309,0.035320401191711426,0.2956641912460327,0.041961997747421265,0.32918524742126465,0.045868635177612305,0.1429903507232666,0.06974294781684875,0.21049833297729492,0.09044870734214783,0.25146740674972534,0.10706266760826111,0.284078449010849,0.11948850750923157,Acik El
0.0,0.0,0.05292119085788727,-0.0349271297454834,0.10872186720371246,-0.050476521253585815,0.13765989243984222,-0.0766114592552185,0.1449316293001175,-0.11390483379364014,0.17174644768238068,-0.04448956251144409,0.2577413469552994,-0.04520547389984131,0.3096313625574112,-0.04200500249862671,0.34891702234745026,-0.03722280263900757,0.1675521582365036,-0.026351064443588257,0.2696526199579239,-0.018470317125320435,0.3282134681940079,-0.01022389531135559,0.37514783442020416,-0.005836784839630127,0.1573965698480606,0.005440831184387207,0.258059099316597,0.019250094890594482,0.31043173372745514,0.025661110877990723,0.35414935648441315,0.031291455030441284,0.14381463825702667,0.048102617263793945,0.21641792356967926,0.05472284555435181,0.2605753093957901,0.0607224702835083,0.3005020171403885,0.070098876953125,Acik El
0.0,0.0,0.06191432476043701,0.05433216691017151,0.11746078729629517,0.0681886374950409,0.15291371941566467,0.08341273665428162,0.18047061562538147,0.10822078585624695,0.18822690844535828,-0.001638561487197876,0.26270803809165955,-0.00956118106842041,0.31107649207115173,-0.008705377578735352,0.3526330590248108,-0.005337238311767578,0.1821209192276001,-0.01618972420692444,0.26779091358184814,-0.03226634860038757,0.3232848048210144,-0.03274339437484741,0.3701537251472473,-0.031655311584472656,0.1648392677307129,-0.02802523970603943,0.2465769648551941,-0.05348926782608032,0.2978901267051697,-0.05487439036369324,0.3425588011741638,-0.05330175161361694,0.13831806182861328,-0.0368751585483551,0.19191420078277588,-0.07135847210884094,0.2321605086326599,-0.07656285166740417,0.2703000605106354,-0.07580509781837463,Acik El
0.0,0.0,-0.07584488391876221,-0.026787102222442627,-0.15911298990249634,-0.030765056610107422,-0.21748727560043335,-0.0314498245716095,-0.2628861665725708,-0.0233992338180542,-0.19122862815856934,-0.07895597815513611,-0.2799586057662964,-0.08428806066513062,-0.33865290880203247,-0.08293154835700989,-0.3894916772842407,-0.08013734221458435,-0.1897794008255005,-0.0734991729259491,-0.2932586669921875,-0.07351571321487427,-0.35825151205062866,-0.07061463594436646,-0.4145764112472534,-0.06736952066421509,-0.1801099181175232,-0.04938808083534241,-0.2784193754196167,-0.04795181751251221,-0.33849960565567017,-0.044035136699676514,-0.3900314271450043,-0.0393599271774292,-0.16577023267745972,-0.013256222009658813,-0.23211336135864258,-0.01711595058441162,-0.2793120741844177,-0.01394188404083252,-0.3224668502807617,-0.010496795177459717,Acik El
0.0,0.0,-0.06977194547653198,0.041187405586242676,-0.14656341075897217,0.045260846614837646,-0.197090744972229,0.04381358623504639,-0.24228954315185547,0.04421377182006836,-0.19401121139526367,-0.027205049991607666,-0.26591184735298157,-0.05874994397163391,-0.31537479162216187,-0.07274627685546875,-0.3582365810871124,-0.08559209108352661,-0.18239569664001465,-0.049892544746398926,-0.26572316884994507,-0.08951950073242188,-0.32511961460113525,-0.11287444829940796,-0.3774300217628479,-0.13500773906707764,-0.15719056129455566,-0.06689208745956421,-0.23551583290100098,-0.11459308862686157,-0.2897324562072754,-0.13592422008514404,-0.3388262987136841,-0.1527576744556427,-0.11921727657318115,-0.08111247420310974,-0.17393290996551514,-0.1296623945236206,-0.21742385625839233,-0.15166407823562622,-0.2573312222957611,-0.16804027557373047,Acik El
0.0,0.0,-0.05118715763092041,0.06045037508010864,-0.11650902032852173,0.10819727182388306,-0.17316478490829468,0.13705384731292725,-0.22045660018920898,0.16273528337478638,-0.18333011865615845,-0.021980851888656616,-0.26067304611206055,-0.03380793333053589,-0.30510303378105164,-0.04130461812019348,-0.34481191635131836,-0.051926761865615845,-0.17338496446609497,-0.07302501797676086,-0.2562617063522339,-0.10251465439796448,-0.3042988181114197,-0.12328067421913147,-0.3449951410293579,-0.14293724298477173,-0.14806443452835083,-0.1142255961894989,-0.2235972285270691,-0.1448047161102295,-0.2692507207393646,-0.16104167699813843,-0.3089355528354645,-0.17436808347702026,-0.11197412014007568,-0.15128105878829956,-0.16733747720718384,-0.188834547996521,-0.20559585094451904,-0.20927071571350098,-0.24240648746490479,-0.22723516821861267,Acik El
0.0,0.0,-0.05807924270629883,-0.04430806636810303,-0.12416946887969971,-0.07036727666854858,-0.17132818698883057,-0.09320023655891418,-0.19923615455627441,-0.11181095242500305,-0.16172802448272705,-0.09334796667098999,-0.23892530798912048,-0.09055179357528687,-0.2880484461784363,-0.08348897099494934,-0.32912012934684753,-0.07223626971244812,-0.15463358163833618,-0.07521554827690125,-0.2464304268360138,-0.0699026882648468,-0.3014295697212219,-0.0574030876159668,-0.34618282318115234,-0.042212337255477905,-0.14289140701293945,-0.03970339894294739,-0.23523637652397156,-0.038108229637145996,-0.28965985774993896,-0.02916175127029419,-0.3322973847389221,-0.01937025785446167,-0.12819039821624756,0.009539484977722168,-0.1975436806678772,0.014603614807128906,-0.23936763405799866,0.01824021339416504,-0.2742989957332611,0.02277994155883789,Acik El
0.0,0.0,-0.02366507053375244,-0.09490582346916199,-0.05831336975097656,-0.1677648425102234,-0.09272748231887817,-0.22619345784187317,-0.10800755023956299,-0.2811269760131836,-0.14290237426757812,-0.12496045231819153,-0.23140963912010193,-0.15457430481910706,-0.28246644139289856,-0.16725030541419983,-0.32261723279953003,-0.1749998927116394,-0.15207600593566895,-0.07007533311843872,-0.24551549553871155,-0.08373323082923889,-0.2990269064903259,-0.08550304174423218,-0.3369283378124237,-0.08532476425170898,-0.15139847993850708,-0.016003847122192383,-0.23511099815368652,-0.0300942063331604,-0.28185105323791504,-0.036908626556396484,-0.31571096181869507,-0.04301959276199341,-0.14504534006118774,0.03397864103317261,-0.21147042512893677,0.018917560577392578,-0.24765723943710327,0.007924675941467285,-0.2775745391845703,-0.0036152005195617676,Acik El
0.0,0.0,-0.06536662578582764,0.007988035678863525,-0.13462406396865845,-0.014914989471435547,-0.181759774684906,-0.039533257484436035,-0.21990281343460083,-0.054536640644073486,-0.13049036264419556,-0.16471460461616516,-0.17177307605743408,-0.2511376142501831,-0.19722768664360046,-0.3035810887813568,-0.21820855140686035,-0.34728115797042847,-0.09961217641830444,-0.18773910403251648,-0.14377135038375854,-0.28536316752433777,-0.1701807975769043,-0.34616968035697937,-0.19099640846252441,-0.3955206573009491,-0.06163513660430908,-0.19558387994766235,-0.09495401382446289,-0.2925266623497009,-0.11661261320114136,-0.3507665693759918,-0.13584119081497192,-0.4005250185728073,-0.017579495906829834,-0.1909167468547821,-0.03175806999206543,-0.2759772539138794,-0.042797625064849854,-0.331342875957489,-0.054913461208343506,-0.3819289803504944,Acik El
0.0,0.0,-0.07391279935836792,-0.026275038719177246,-0.139814555644989,-0.08563315868377686,-0.18990904092788696,-0.13710170984268188,-0.23568123579025269,-0.17041730880737305,-0.06844013929367065,-0.24269607663154602,-0.09056651592254639,-0.3485811948776245,-0.10125225782394409,-0.4132973849773407,-0.10938495397567749,-0.4667781591415405,-0.02833622694015503,-0.2536303400993347,-0.03970599174499512,-0.36827003955841064,-0.0487058162689209,-0.433594673871994,-0.05613666772842407,-0.48502883315086365,0.011115729808807373,-0.24270758032798767,0.0030609965324401855,-0.34779202938079834,-0.005788683891296387,-0.4081342816352844,-0.014444053173065186,-0.4593313932418823,0.05105173587799072,-0.21406424045562744,0.055540382862091064,-0.29376837611198425,0.05433005094528198,-0.3429265022277832,0.05166018009185791,-0.3876580595970154,Acik El
0.0,0.0,-0.0734294056892395,-0.034073591232299805,-0.13875526189804077,-0.09056210517883301,-0.18898296356201172,-0.12886643409729004,-0.2316887378692627,-0.14458107948303223,-0.07661247253417969,-0.2345731258392334,-0.10108399391174316,-0.3317142724990845,-0.1146041750907898,-0.39288246631622314,-0.12324881553649902,-0.445121169090271,-0.034393489360809326,-0.24402272701263428,-0.04299616813659668,-0.35433876514434814,-0.04628312587738037,-0.4242154359817505,-0.04690051078796387,-0.4808502793312073,0.007908761501312256,-0.23248910903930664,0.013968050479888916,-0.33575892448425293,0.015781641006469727,-0.3980063796043396,0.016370415687561035,-0.4516778588294983,0.05007201433181763,-0.20202398300170898,0.08748823404312134,-0.27166950702667236,0.11076265573501587,-0.320798397064209,0.1299910545349121,-0.36648714542388916,Acik El
0.0,0.0,0.05448007583618164,-0.0621873140335083,0.09389883279800415,-0.12478816509246826,0.12930697202682495,-0.17805016040802002,0.16494876146316528,-0.21169441938400269,0.005710184574127197,-0.23190772533416748,0.012021243572235107,-0.3391912877559662,0.013500630855560303,-0.4078328609466553,0.013948917388916016,-0.46334126591682434,-0.03937506675720215,-0.2259475588798523,-0.04995042085647583,-0.3376602530479431,-0.06002211570739746,-0.40874922275543213,-0.06896841526031494,-0.46329599618911743,-0.07678258419036865,-0.2009703516960144,-0.10000598430633545,-0.29984354972839355,-0.1134534478187561,-0.3621290326118469,-0.12276953458786011,-0.41220495104789734,-0.10584843158721924,-0.16324281692504883,-0.1466347575187683,-0.21880632638931274,-0.17062628269195557,-0.25382542610168457,-0.1884792447090149,-0.2846314311027527,Acik El
0.0,0.0,0.05862468481063843,-0.0601806640625,0.10352277755737305,-0.11999499797821045,0.145224928855896,-0.1710096001625061,0.1829822063446045,-0.20483148097991943,0.012666523456573486,-0.23860937356948853,0.019133269786834717,-0.34681200981140137,0.023597121238708496,-0.41162195801734924,0.027006566524505615,-0.46654826402664185,-0.03261595964431763,-0.23168325424194336,-0.04304558038711548,-0.34767434000968933,-0.05127978324890137,-0.4193141758441925,-0.05973702669143677,-0.4738602340221405,-0.06872379779815674,-0.2041923999786377,-0.09211307764053345,-0.3041030168533325,-0.10491824150085449,-0.3677937984466553,-0.1150403618812561,-0.4190245270729065,-0.09686702489852905,-0.16529148817062378,-0.13714617490768433,-0.22969329357147217,-0.15963441133499146,-0.26749008893966675,-0.17682474851608276,-0.29924750328063965,Acik El
0.0,0.0,-0.0534171462059021,-0.036362409591674805,-0.09793609380722046,-0.10223245620727539,-0.13520175218582153,-0.14158111810684204,-0.16997620463371277,-0.15018069744110107,-0.051824331283569336,-0.2208755612373352,-0.06421136856079102,-0.31332558393478394,-0.07185274362564087,-0.3697378635406494,-0.07703417539596558,-0.4144167900085449,-0.026881158351898193,-0.21999621391296387,-0.03111952543258667,-0.32440292835235596,-0.03429603576660156,-0.3923148810863495,-0.03472787141799927,-0.44528642296791077,-0.0023044347763061523,-0.19808268547058105,0.009707033634185791,-0.3001672625541687,0.014401614665985107,-0.3645203113555908,0.017271578311920166,-0.41926589608192444,0.02007359266281128,-0.1563820242881775,0.04929536581039429,-0.20533478260040283,0.064475417137146,-0.23920077085494995,0.07607334852218628,-0.2702849507331848,Acik El
0.0,0.0,0.07737395167350769,-0.02881234884262085,0.14796540141105652,-0.08450061082839966,0.20281264185905457,-0.11747902631759644,0.24965760111808777,-0.12835693359375,0.09310474991798401,-0.23380297422409058,0.11785927414894104,-0.3360837697982788,0.13272079825401306,-0.3971328139305115,0.14437013864517212,-0.4497855007648468,0.049373626708984375,-0.2501334547996521,0.06204503774642944,-0.36700212955474854,0.06909021735191345,-0.4380417466163635,0.07322993874549866,-0.4958226680755615,0.00680994987487793,-0.24438226222991943,0.01445344090461731,-0.3517151474952698,0.020847320556640625,-0.41935431957244873,0.02658635377883911,-0.4766142666339874,-0.037367790937423706,-0.21919023990631104,-0.04734562337398529,-0.2995848059654236,-0.053875043988227844,-0.3517587184906006,-0.05830031633377075,-0.3991132974624634,Acik El
0.0,0.0,0.07754576206207275,-0.022501468658447266,0.147085040807724,-0.0749971866607666,0.20221653580665588,-0.10667926073074341,0.24865993857383728,-0.11526191234588623,0.0919506847858429,-0.22783619165420532,0.12257912755012512,-0.32471805810928345,0.13992539048194885,-0.3855922222137451,0.15249595046043396,-0.43958452343940735,0.04797649383544922,-0.24406909942626953,0.06239974498748779,-0.35916846990585327,0.07025068998336792,-0.431746244430542,0.07414430379867554,-0.4924750030040741,0.005048930644989014,-0.238081693649292,0.013111114501953125,-0.34628939628601074,0.021038919687271118,-0.4153825044631958,0.027506470680236816,-0.47507694363594055,-0.039181679487228394,-0.21286821365356445,-0.050971463322639465,-0.2944331765174866,-0.05810205638408661,-0.34778958559036255,-0.06344859302043915,-0.39683854579925537,Acik El
0.0,0.0,-0.052159637212753296,-0.06526076793670654,-0.08860580623149872,-0.1357153058052063,-0.1237194836139679,-0.19590890407562256,-0.15270332992076874,-0.23799100518226624,0.019793957471847534,-0.23594072461128235,0.035490602254867554,-0.3486775755882263,0.044525593519210815,-0.4159204959869385,0.052515506744384766,-0.466990202665329,0.0626567006111145,-0.2199416160583496,0.0957854688167572,-0.33511245250701904,0.1173635721206665,-0.40458232164382935,0.13527250289916992,-0.45433586835861206,0.09435495734214783,-0.18522244691848755,0.13136035203933716,-0.28489547967910767,0.15571582317352295,-0.3411221504211426,0.17505499720573425,-0.3829757869243622,0.11625412106513977,-0.14104890823364258,0.15066760778427124,-0.2008984088897705,0.1690077781677246,-0.2360217273235321,0.18475714325904846,-0.26504337787628174,Acik El
0.0,0.0,-0.058992788195610046,-0.06864809989929199,-0.09914255142211914,-0.1380101442337036,-0.1388455480337143,-0.19363254308700562,-0.17050005495548248,-0.23480170965194702,0.0063263773918151855,-0.2378331422805786,0.011580884456634521,-0.35563987493515015,0.01454123854637146,-0.4255688190460205,0.018534481525421143,-0.47956424951553345,0.048630595207214355,-0.2239316701889038,0.07546308636665344,-0.3493957817554474,0.09102728962898254,-0.4251561164855957,0.10304391384124756,-0.47790244221687317,0.08112838864326477,-0.19006502628326416,0.10910162329673767,-0.29883134365081787,0.12585210800170898,-0.36330100893974304,0.13798454403877258,-0.41279906034469604,0.10570505261421204,-0.1465640664100647,0.13396403193473816,-0.2151559591293335,0.14876189827919006,-0.25657859444618225,0.16081294417381287,-0.293144553899765,Acik El
0.0,0.0,-0.06303250789642334,0.028659045696258545,-0.1171959638595581,0.05535966157913208,-0.13132095336914062,0.08713263273239136,-0.09050744771957397,0.10157907009124756,-0.10979127883911133,-0.06104177236557007,-0.10423129796981812,0.0671236515045166,-0.0851101279258728,0.0652875304222107,-0.07981264591217041,0.03016418218612671,-0.06528180837631226,-0.07376858592033386,-0.062252044677734375,0.07307881116867065,-0.05431598424911499,0.05289381742477417,-0.057933807373046875,0.012626588344573975,-0.019250869750976562,-0.0664491355419159,-0.020564019680023193,0.07068783044815063,-0.02449280023574829,0.04793500900268555,-0.03189796209335327,0.008699536323547363,0.022462785243988037,-0.04643362760543823,0.012893497943878174,0.05968421697616577,0.0074422359466552734,0.03940534591674805,0.002179443836212158,0.0006645917892456055,Yumruk
0.0,0.0,-0.06008625030517578,0.029102027416229248,-0.11046749353408813,0.06238389015197754,-0.12344181537628174,0.10102182626724243,-0.08330512046813965,0.1168549656867981,-0.10274773836135864,-0.05331462621688843,-0.09496891498565674,0.0843244194984436,-0.07420176267623901,0.08521157503128052,-0.06758081912994385,0.04932361841201782,-0.05820190906524658,-0.06685370206832886,-0.052239835262298584,0.08985567092895508,-0.04402643442153931,0.07009518146514893,-0.04757559299468994,0.03018134832382202,-0.012353897094726562,-0.06136512756347656,-0.010789871215820312,0.08475840091705322,-0.013758420944213867,0.06417983770370483,-0.021519482135772705,0.026131510734558105,0.03005361557006836,-0.043902039527893066,0.02280956506729126,0.0679478645324707,0.017598628997802734,0.05074423551559448,0.012114882469177246,0.014215290546417236,Yumruk
0.0,0.0,-0.07590454816818237,0.043511927127838135,-0.1343175172805786,0.10101842880249023,-0.14549189805984497,0.17256057262420654,-0.09686094522476196,0.20344454050064087,-0.1283632516860962,-0.06279611587524414,-0.11909669637680054,0.14509451389312744,-0.08727383613586426,0.1426880955696106,-0.07650125026702881,0.08762907981872559,-0.06105470657348633,-0.08492833375930786,-0.0535774827003479,0.15514671802520752,-0.04178440570831299,0.1242368221282959,-0.045256972312927246,0.060955584049224854,0.007688283920288086,-0.07740873098373413,0.0063132643699646,0.1477925181388855,0.0019903182983398438,0.11164224147796631,-0.007036805152893066,0.04853743314743042,0.0679522156715393,-0.05272066593170166,0.05696237087249756,0.12052392959594727,0.04977262020111084,0.09371048212051392,0.04177731275558472,0.03582483530044556,Yumruk
0.0,0.0,-0.0797998309135437,0.04730808734893799,-0.1392572522163391,0.1136283278465271,-0.14270108938217163,0.18883132934570312,-0.08484327793121338,0.2195110321044922,-0.12380361557006836,-0.05048269033432007,-0.11233210563659668,0.1540600061416626,-0.08562970161437988,0.14295268058776855,-0.07615619897842407,0.08564180135726929,-0.05231750011444092,-0.06910234689712524,-0.045079946517944336,0.16568410396575928,-0.03633779287338257,0.13025951385498047,-0.039428114891052246,0.06569361686706543,0.018700838088989258,-0.05960911512374878,0.016261279582977295,0.16021490097045898,0.008489489555358887,0.12082403898239136,-0.0016368627548217773,0.05743205547332764,0.07993757724761963,-0.03431755304336548,0.06856518983840942,0.13403069972991943,0.05993765592575073,0.10190796852111816,0.05120575428009033,0.04074674844741821,Yumruk
0.0,0.0,-0.06437921524047852,0.025195300579071045,-0.12188661098480225,0.04588305950164795,-0.15582245588302612,0.06255215406417847,-0.12811732292175293,0.05790722370147705,-0.1333196759223938,-0.11002612113952637,-0.1340503692626953,0.02227938175201416,-0.1081194281578064,0.033447265625,-0.09830200672149658,-0.0003877878189086914,-0.08507412672042847,-0.12776422500610352,-0.08511215448379517,0.03619295358657837,-0.07172536849975586,0.02592778205871582,-0.07252001762390137,-0.018050074577331543,-0.035009145736694336,-0.12053638696670532,-0.04037177562713623,0.03422224521636963,-0.03409630060195923,0.01939868927001953,-0.03393310308456421,-0.023423492908477783,0.009846091270446777,-0.09863758087158203,-0.0018426775932312012,0.022430777549743652,0.0014256834983825684,0.009542703628540039,0.001950383186340332,-0.030102074146270752,Yumruk
0.0,0.0,-0.06173896789550781,0.022211730480194092,-0.11528319120407104,0.04602760076522827,-0.13961446285247803,0.07372373342514038,-0.10745418071746826,0.07540500164031982,-0.11634713411331177,-0.09306022524833679,-0.11665546894073486,0.037255823612213135,-0.09247493743896484,0.04590839147567749,-0.08338648080825806,0.012882053852081299,-0.06821954250335693,-0.10795372724533081,-0.06911265850067139,0.05054968595504761,-0.057600975036621094,0.03674137592315674,-0.059665143489837646,-0.0061380863189697266,-0.018997788429260254,-0.10071685910224915,-0.024476051330566406,0.04808419942855835,-0.021701693534851074,0.029188930988311768,-0.024074018001556396,-0.012988269329071045,0.024285614490509033,-0.08010607957839966,0.012289047241210938,0.0345686674118042,0.012909173965454102,0.0181962251663208,0.01168757677078247,-0.022040486335754395,Yumruk
0.0,0.0,-0.014034092426300049,-0.10493725538253784,-0.032700955867767334,-0.1830921173095703,-0.06999284029006958,-0.20830976963043213,-0.09461897611618042,-0.16632080078125,0.05344247817993164,-0.15355342626571655,-0.05837512016296387,-0.18930059671401978,-0.06867808103561401,-0.15694421529769897,-0.043186962604522705,-0.1387442946434021,0.05124163627624512,-0.08837378025054932,-0.0754205584526062,-0.1253969669342041,-0.063515305519104,-0.10390162467956543,-0.03193587064743042,-0.0986790657043457,0.03319525718688965,-0.026268362998962402,-0.08435553312301636,-0.06627029180526733,-0.06866729259490967,-0.05469781160354614,-0.0369189977645874,-0.04990828037261963,0.006486713886260986,0.027856051921844482,-0.08254426717758179,-0.014264464378356934,-0.06723248958587646,-0.013055086135864258,-0.035519182682037354,-0.007828891277313232,Yumruk
0.0,0.0,-0.014802277088165283,-0.10188418626785278,-0.035928964614868164,-0.17338359355926514,-0.07593470811843872,-0.19096851348876953,-0.10421466827392578,-0.1423550844192505,0.049048542976379395,-0.13408952951431274,-0.05989408493041992,-0.1715923547744751,-0.06684845685958862,-0.14213180541992188,-0.04059743881225586,-0.12512332201004028,0.045999109745025635,-0.06847882270812988,-0.08069354295730591,-0.11002272367477417,-0.06458139419555664,-0.09059220552444458,-0.03245377540588379,-0.08325624465942383,0.027308940887451172,-0.00738835334777832,-0.09152311086654663,-0.051153600215911865,-0.07190316915512085,-0.043629467487335205,-0.03764301538467407,-0.04063636064529419,0.0004146695137023926,0.04482656717300415,-0.09274321794509888,-2.205371856689453e-05,-0.0750308632850647,0.0014190673828125,-0.0416070818901062,0.007476985454559326,Yumruk
0.0,0.0,0.05572628974914551,-0.050790369510650635,0.0846257209777832,-0.10906624794006348,0.062384724617004395,-0.14686179161071777,0.02580416202545166,-0.14888238906860352,0.041126787662506104,-0.19551819562911987,0.04298919439315796,-0.19008266925811768,0.043252408504486084,-0.15568983554840088,0.04326719045639038,-0.13074249029159546,-0.004376471042633057,-0.1996922492980957,0.004461050033569336,-0.1784578561782837,0.007321655750274658,-0.14343702793121338,0.007109105587005615,-0.11721032857894897,-0.043069541454315186,-0.18210870027542114,-0.03294569253921509,-0.15662384033203125,-0.02708345651626587,-0.12665051221847534,-0.025632917881011963,-0.10178184509277344,-0.07645505666732788,-0.1564614176750183,-0.0694543719291687,-0.1422298550605774,-0.0623018741607666,-0.11628305912017822,-0.060567498207092285,-0.09523981809616089,Yumruk
0.0,0.0,0.05544114112854004,-0.04675024747848511,0.08736985921859741,-0.0998314619064331,0.06759345531463623,-0.13876467943191528,0.03356379270553589,-0.1412319540977478,0.041629254817962646,-0.19510972499847412,0.04656034708023071,-0.1958562135696411,0.044334352016448975,-0.16513663530349731,0.04238313436508179,-0.14165419340133667,-0.0034524202346801758,-0.20088845491409302,0.005576610565185547,-0.18350428342819214,0.006552457809448242,-0.15162497758865356,0.005260825157165527,-0.12554162740707397,-0.04160267114639282,-0.1845148801803589,-0.03096485137939453,-0.15740305185317993,-0.025476276874542236,-0.1305387020111084,-0.0240514874458313,-0.10560297966003418,-0.0742151141166687,-0.1590086817741394,-0.0652894377708435,-0.14022094011306763,-0.058230698108673096,-0.11557650566101074,-0.05665522813796997,-0.09493809938430786,Yumruk
0.0,0.0,-0.04034525156021118,-0.042390525341033936,-0.07253462076187134,-0.0917125940322876,-0.10046589374542236,-0.1231655478477478,-0.12129038572311401,-0.1394776701927185,-0.027467787265777588,-0.19810402393341064,-0.1144370436668396,-0.17107480764389038,-0.11516648530960083,-0.13496136665344238,-0.09912741184234619,-0.12527745962142944,-0.031248748302459717,-0.1884990930557251,-0.11991041898727417,-0.14654386043548584,-0.10854095220565796,-0.10932844877243042,-0.08715444803237915,-0.10583096742630005,-0.04077857732772827,-0.16592741012573242,-0.11668658256530762,-0.11974793672561646,-0.1025080680847168,-0.08539474010467529,-0.08243894577026367,-0.08658820390701294,-0.053149282932281494,-0.13443344831466675,-0.1035149097442627,-0.09152829647064209,-0.09089720249176025,-0.06449693441390991,-0.07214707136154175,-0.06771856546401978,Yumruk
0.0,0.0,-0.061112821102142334,-0.02620476484298706,-0.09886705875396729,-0.08303320407867432,-0.11332345008850098,-0.12888264656066895,-0.10235893726348877,-0.13863903284072876,-0.03304171562194824,-0.18889331817626953,-0.10526013374328613,-0.18064934015274048,-0.10380703210830688,-0.14116179943084717,-0.0889354944229126,-0.12019139528274536,-0.014718711376190186,-0.19134730100631714,-0.08813250064849854,-0.159634530544281,-0.07560551166534424,-0.11755037307739258,-0.05320262908935547,-0.11364865303039551,-0.0025458335876464844,-0.1786230206489563,-0.0737575888633728,-0.1367969512939453,-0.05945026874542236,-0.09387236833572388,-0.038041889667510986,-0.09304970502853394,0.0037557482719421387,-0.15481626987457275,-0.05393916368484497,-0.11495482921600342,-0.04126220941543579,-0.08069777488708496,-0.020869672298431396,-0.07945191860198975,Yumruk
0.0,0.0,-0.04459726810455322,0.03080129623413086,-0.08471989631652832,0.06286263465881348,-0.07406336069107056,0.09249740839004517,-0.028575122356414795,0.1033734679222107,-0.10571461915969849,-0.07527017593383789,-0.06679940223693848,0.042108356952667236,-0.05828922986984253,0.04813957214355469,-0.06339061260223389,0.016837358474731445,-0.0601235032081604,-0.10475516319274902,-0.01925194263458252,0.03520560264587402,-0.024174988269805908,0.021689414978027344,-0.03789037466049194,-0.017540037631988525,-0.010660946369171143,-0.11132058501243591,0.020785391330718994,0.024056971073150635,0.008118867874145508,0.010610520839691162,-0.006009101867675781,-0.02463442087173462,0.03467392921447754,-0.10223722457885742,0.04730677604675293,-6.097555160522461e-05,0.035649895668029785,-0.012344956398010254,0.024846315383911133,-0.047599613666534424,Yumruk
0.0,0.0,-0.044978320598602295,0.04372596740722656,-0.0850037932395935,0.08181160688400269,-0.06392896175384521,0.11799561977386475,-0.008986592292785645,0.1259099245071411,-0.09868240356445312,-0.06058859825134277,-0.058831989765167236,0.06336796283721924,-0.05129218101501465,0.07478523254394531,-0.05541634559631348,0.04030418395996094,-0.04907757043838501,-0.09257224202156067,-0.0052568912506103516,0.0632559061050415,-0.015429913997650146,0.05283796787261963,-0.034037232398986816,0.005666494369506836,0.003108680248260498,-0.0988178551197052,0.03450745344161987,0.05311352014541626,0.01569312810897827,0.0399397611618042,-0.0027083754539489746,-0.0029814839363098145,0.04780375957489014,-0.08978268504142761,0.05777984857559204,0.02327066659927368,0.04078412055969238,0.008715629577636719,0.025791823863983154,-0.03243112564086914,Yumruk
0.0,0.0,-0.0552254319190979,0.047314584255218506,-0.10601276159286499,0.05504852533340454,-0.13917458057403564,0.05814391374588013,-0.1647050380706787,0.04988139867782593,-0.14267784357070923,-0.08307379484176636,-0.17202991247177124,0.02587789297103882,-0.14509576559066772,0.0494500994682312,-0.12564527988433838,0.042439401149749756,-0.1409347653388977,-0.08659297227859497,-0.1632118821144104,0.03789752721786499,-0.12431937456130981,0.04538077116012573,-0.10589981079101562,0.020252525806427002,-0.13367003202438354,-0.07562536001205444,-0.14963829517364502,0.04221457242965698,-0.11132574081420898,0.04700952768325806,-0.09637057781219482,0.02256220579147339,-0.1220434308052063,-0.052768826484680176,-0.12918508052825928,0.03717237710952759,-0.09941822290420532,0.039938151836395264,-0.08615469932556152,0.01552671194076538,Yumruk
0.0,0.0,-0.05506157875061035,0.0463443398475647,-0.1053120493888855,0.0516318678855896,-0.13772839307785034,0.05022162199020386,-0.15977826714515686,0.03725165128707886,-0.14234685897827148,-0.08224749565124512,-0.17065656185150146,0.026590168476104736,-0.14626479148864746,0.055295348167419434,-0.12687349319458008,0.05519455671310425,-0.14076268672943115,-0.08654046058654785,-0.1603715419769287,0.03997671604156494,-0.12161469459533691,0.04661893844604492,-0.10313117504119873,0.021552979946136475,-0.13321161270141602,-0.07575458288192749,-0.14648735523223877,0.04411971569061279,-0.1077427864074707,0.04599881172180176,-0.09245014190673828,0.019570231437683105,-0.1215481162071228,-0.05323195457458496,-0.12715035676956177,0.037106335163116455,-0.0969078540802002,0.03913688659667969,-0.0832221508026123,0.01505732536315918,Yumruk
0.0,0.0,0.055908799171447754,-0.031078100204467773,0.09117305278778076,-0.07564890384674072,0.08073669672012329,-0.115500807762146,0.0490153431892395,-0.12303608655929565,0.0625230073928833,-0.1693853735923767,0.07377099990844727,-0.16358917951583862,0.06688511371612549,-0.13404792547225952,0.05836552381515503,-0.11392176151275635,0.023792028427124023,-0.18287509679794312,0.0327572226524353,-0.1629813313484192,0.029988884925842285,-0.13304764032363892,0.02383136749267578,-0.11164569854736328,-0.011926591396331787,-0.17816734313964844,-0.0043277740478515625,-0.15011870861053467,-0.0031478404998779297,-0.12364935874938965,-0.006588339805603027,-0.10199218988418579,-0.04387468099594116,-0.16519927978515625,-0.03894686698913574,-0.14741307497024536,-0.03624612092971802,-0.12319886684417725,-0.037988245487213135,-0.10507601499557495,Yumruk
0.0,0.0,0.05560803413391113,-0.0308263897895813,0.09144115447998047,-0.07552903890609741,0.08273404836654663,-0.11665010452270508,0.05174100399017334,-0.12528866529464722,0.06291508674621582,-0.1698114275932312,0.07485604286193848,-0.164295494556427,0.06785780191421509,-0.13449954986572266,0.05924952030181885,-0.11460739374160767,0.023906171321868896,-0.18261229991912842,0.03375810384750366,-0.16319960355758667,0.03067493438720703,-0.13365083932876587,0.024146556854248047,-0.11180496215820312,-0.012037098407745361,-0.17761564254760742,-0.0033522844314575195,-0.15046340227127075,-0.002389669418334961,-0.12462866306304932,-0.0060073137283325195,-0.10246026515960693,-0.04392886161804199,-0.16454613208770752,-0.03709065914154053,-0.14685654640197754,-0.0341721773147583,-0.12281721830368042,-0.03601938486099243,-0.10436147451400757,Yumruk
0.0,0.0,-0.06856447458267212,0.027654707431793213,-0.12304377555847168,0.053236424922943115,-0.1532101035118103,0.08396744728088379,-0.13562488555908203,0.09690570831298828,-0.11287063360214233,-0.04628440737724304,-0.1018378734588623,0.10293740034103394,-0.08677321672439575,0.09946244955062866,-0.08699566125869751,0.056007981300354004,-0.06315135955810547,-0.06455942988395691,-0.0502394437789917,0.10849380493164062,-0.046713292598724365,0.08281338214874268,-0.05689346790313721,0.03367471694946289,-0.011706769466400146,-0.06435522437095642,-0.005087018013000488,0.09879642724990845,-0.01033562421798706,0.07114744186401367,-0.020727574825286865,0.026449143886566162,0.03533142805099487,-0.05282667279243469,0.035888075828552246,0.07528024911880493,0.02840578556060791,0.05200999975204468,0.019133448600769043,0.007392168045043945,Yumruk
0.0,0.0,-0.06809878349304199,0.0303991436958313,-0.12326836585998535,0.059989750385284424,-0.15229260921478271,0.09276562929153442,-0.13427692651748657,0.10897952318191528,-0.11096459627151489,-0.038708239793777466,-0.10211384296417236,0.11042767763137817,-0.08746790885925293,0.10620397329330444,-0.08797281980514526,0.06360214948654175,-0.0602644681930542,-0.056172966957092285,-0.05000805854797363,0.11667817831039429,-0.04691523313522339,0.08957862854003906,-0.05728745460510254,0.040728986263275146,-0.007995128631591797,-0.05502152442932129,-0.0033285021781921387,0.10819214582443237,-0.00955820083618164,0.0793691873550415,-0.02025008201599121,0.03409278392791748,0.039231956005096436,-0.043182432651519775,0.03655034303665161,0.08476918935775757,0.027758657932281494,0.061373889446258545,0.018598973751068115,0.016567707061767578,Yumruk
0.0,0.0,-0.06064200401306152,-0.000635981559753418,-0.12233060598373413,-0.05451095104217529,-0.14150869846343994,-0.12012046575546265,-0.1082688570022583,-0.1355873942375183,-0.0874444842338562,-0.13095414638519287,-0.10664886236190796,-0.16567814350128174,-0.09431356191635132,-0.10915714502334595,-0.0873456597328186,-0.10339409112930298,-0.05378073453903198,-0.14111483097076416,-0.07363831996917725,-0.1702600121498108,-0.06255042552947998,-0.1023709774017334,-0.05286532640457153,-0.10092616081237793,-0.022362887859344482,-0.14457684755325317,-0.04150480031967163,-0.17496967315673828,-0.034476518630981445,-0.1076589822769165,-0.024555623531341553,-0.10409605503082275,0.01199108362197876,-0.1457996964454651,-0.009680628776550293,-0.16707098484039307,-0.008205235004425049,-0.12156045436859131,0.0007686018943786621,-0.11310744285583496,Yumruk
0.0,0.0,-0.06264668703079224,-0.0021671652793884277,-0.1264171004295349,-0.05849701166152954,-0.14487826824188232,-0.12287122011184692,-0.10987985134124756,-0.13351428508758545,-0.09277546405792236,-0.1318911910057068,-0.11002665758132935,-0.16877567768096924,-0.09555608034133911,-0.11123257875442505,-0.08951449394226074,-0.1053428053855896,-0.05865663290023804,-0.14194685220718384,-0.07720005512237549,-0.17294275760650635,-0.06407427787780762,-0.10368305444717407,-0.05602836608886719,-0.10192954540252686,-0.02663862705230713,-0.14622938632965088,-0.044854581356048584,-0.17646396160125732,-0.03565257787704468,-0.10698240995407104,-0.026981472969055176,-0.10361546277999878,0.008039474487304688,-0.14938288927078247,-0.01302027702331543,-0.1684173345565796,-0.010187804698944092,-0.12030148506164551,-0.0013091564178466797,-0.11232650279998779,Yumruk
0.0,0.0,0.05557534098625183,0.027742445468902588,0.0989818274974823,0.05663466453552246,0.12660151720046997,0.08114582300186157,0.12126985192298889,0.07420092821121216,0.13146382570266724,-0.07011330127716064,0.13293606042861938,0.03414982557296753,0.11236295104026794,0.048055052757263184,0.1069389283657074,0.02497345209121704,0.09550479054450989,-0.08277493715286255,0.09614747762680054,0.05096369981765747,0.07760879397392273,0.05325877666473389,0.07499969005584717,0.025212645530700684,0.05516532063484192,-0.07541477680206299,0.055835336446762085,0.0522037148475647,0.042975425720214844,0.04798346757888794,0.04132014513015747,0.01843804121017456,0.015566974878311157,-0.05990755558013916,0.020427852869033813,0.040704429149627686,0.016738682985305786,0.0416567325592041,0.015313386917114258,0.017327487468719482,Yumruk
0.0,0.0,0.05924668908119202,0.026893556118011475,0.10745900869369507,0.055302441120147705,0.13731786608695984,0.08096194267272949,0.12334001064300537,0.07908111810684204,0.1360372006893158,-0.06870472431182861,0.13721105456352234,0.03751617670059204,0.11336925625801086,0.05331629514694214,0.1061854362487793,0.030579984188079834,0.09830045700073242,-0.08092796802520752,0.09891170263290405,0.053156495094299316,0.07751497626304626,0.05651170015335083,0.07483723759651184,0.028025567531585693,0.057300716638565063,-0.07467001676559448,0.05784711241722107,0.05475485324859619,0.0444013774394989,0.0499873161315918,0.043918609619140625,0.01895207166671753,0.01808011531829834,-0.06033426523208618,0.022714585065841675,0.041656434535980225,0.017250120639801025,0.040352582931518555,0.01532059907913208,0.014416098594665527,Yumruk
0.0,0.0,-0.047629907727241516,-0.04458826780319214,-0.06688420474529266,-0.09833019971847534,-0.0590633898973465,-0.14159703254699707,-0.03640642762184143,-0.15690761804580688,-0.03780244290828705,-0.17629817128181458,-0.03488814830780029,-0.17169368267059326,-0.030658036470413208,-0.13908153772354126,-0.032128602266311646,-0.11500674486160278,0.0006512105464935303,-0.17413580417633057,0.001712501049041748,-0.1578330397605896,0.0009066164493560791,-0.12889760732650757,-0.001991450786590576,-0.10439920425415039,0.035434573888778687,-0.15650475025177002,0.03266891837120056,-0.13395285606384277,0.027132868766784668,-0.10975873470306396,0.021693676710128784,-0.08800190687179565,0.0641394853591919,-0.13188737630844116,0.0631667971611023,-0.11468583345413208,0.056397318840026855,-0.09339326620101929,0.0508611798286438,-0.0770043134689331,Yumruk
0.0,0.0,-0.04764847457408905,-0.04504191875457764,-0.062080711126327515,-0.09757643938064575,-0.04905825853347778,-0.13678544759750366,-0.025959938764572144,-0.1487445831298828,-0.04111415147781372,-0.17372024059295654,-0.03214564919471741,-0.17005550861358643,-0.0275174081325531,-0.13499480485916138,-0.029729902744293213,-0.1099921464920044,-0.0022179484367370605,-0.17238876223564148,0.00498625636100769,-0.15657758712768555,0.004626542329788208,-0.12603473663330078,0.001511305570602417,-0.1013609766960144,0.034304916858673096,-0.15521025657653809,0.03728589415550232,-0.13356834650039673,0.031533122062683105,-0.10712099075317383,0.025099217891693115,-0.08505737781524658,0.06531384587287903,-0.13097339868545532,0.06914830207824707,-0.11029720306396484,0.06258970499038696,-0.08722054958343506,0.056540727615356445,-0.07063484191894531,Yumruk
0.0,0.0,0.03854769468307495,-0.0742611289024353,0.08121997117996216,-0.14652180671691895,0.12161791324615479,-0.18041032552719116,0.1455516815185547,-0.17844736576080322,0.02499440312385559,-0.22205466032028198,0.12033146619796753,-0.19679099321365356,0.11594679951667786,-0.1560196876525879,0.09223964810371399,-0.15222251415252686,0.012598544359207153,-0.17887091636657715,0.11962565779685974,-0.14723068475723267,0.10564279556274414,-0.11550968885421753,0.0822979211807251,-0.11784541606903076,0.0093039870262146,-0.1251593828201294,0.1099928617477417,-0.09676694869995117,0.09284466505050659,-0.07315367460250854,0.07057586312294006,-0.0777776837348938,0.012298107147216797,-0.06914311647415161,0.095173180103302,-0.05795413255691528,0.08312162756919861,-0.04645371437072754,0.06127500534057617,-0.04912769794464111,Yumruk
0.0,0.0,0.039192020893096924,-0.07525634765625,0.08214002847671509,-0.1491405963897705,0.11983922123908997,-0.18695414066314697,0.13579297065734863,-0.18669003248214722,0.025966614484786987,-0.22064858675003052,0.11871609091758728,-0.19569462537765503,0.11393103003501892,-0.1550338864326477,0.09030205011367798,-0.15083903074264526,0.01294487714767456,-0.17723029851913452,0.11864235997200012,-0.14533597230911255,0.10427311062812805,-0.11349493265151978,0.08133947849273682,-0.11615759134292603,0.009226292371749878,-0.12368160486221313,0.1096603274345398,-0.09427028894424438,0.09193354845046997,-0.0711933970451355,0.06988444924354553,-0.07657188177108765,0.01184573769569397,-0.06769663095474243,0.09500515460968018,-0.05596286058425903,0.08173316717147827,-0.044745028018951416,0.059273093938827515,-0.04805272817611694,Yumruk
0.0,0.0,0.03803578019142151,-0.03909784555435181,0.06384429335594177,-0.08537524938583374,0.08898395299911499,-0.11840909719467163,0.10378718376159668,-0.14238321781158447,-7.81714916229248e-05,-0.17677783966064453,0.07260170578956604,-0.15528857707977295,0.06696048378944397,-0.11249983310699463,0.0434834361076355,-0.09727931022644043,0.005861788988113403,-0.18324744701385498,0.08308276534080505,-0.15239471197128296,0.07288211584091187,-0.10838335752487183,0.051290661096572876,-0.09298670291900635,0.020525187253952026,-0.1769247055053711,0.09197157621383667,-0.14206302165985107,0.08047661185264587,-0.09722799062728882,0.059417545795440674,-0.08104860782623291,0.04016348719596863,-0.16197770833969116,0.09321025013923645,-0.12745976448059082,0.0827329158782959,-0.0921487808227539,0.06436231732368469,-0.07975053787231445,Yumruk
0.0,0.0,0.037273287773132324,-0.037733495235443115,0.064942866563797,-0.08334892988204956,0.09357360005378723,-0.11728531122207642,0.10947325825691223,-0.14155101776123047,0.0013318955898284912,-0.17920297384262085,0.07394224405288696,-0.15983128547668457,0.06885877251625061,-0.1193494200706482,0.04565107822418213,-0.10707336664199829,0.007668167352676392,-0.18464404344558716,0.08717823028564453,-0.15440255403518677,0.07711723446846008,-0.11009037494659424,0.055254608392715454,-0.09649217128753662,0.022059112787246704,-0.1768718957901001,0.09611189365386963,-0.14236515760421753,0.08398500084877014,-0.09710198640823364,0.06239303946495056,-0.08271819353103638,0.041381657123565674,-0.16046470403671265,0.09599411487579346,-0.126390278339386,0.08510515093803406,-0.09154009819030762,0.06645530462265015,-0.08120381832122803,Yumruk
0.0,0.0,-0.06345927715301514,-0.025001466274261475,-0.106753408908844,-0.09156656265258789,-0.11627858877182007,-0.14235997200012207,-0.09514445066452026,-0.15973716974258423,-0.033061832189559937,-0.15875744819641113,-0.09020116925239563,-0.16547417640686035,-0.09367170929908752,-0.12840425968170166,-0.0804547667503357,-0.11293160915374756,-0.009230762720108032,-0.16370028257369995,-0.06705763936042786,-0.1676430106163025,-0.07399997115135193,-0.13459545373916626,-0.06374895572662354,-0.11390167474746704,0.0035115182399749756,-0.15737861394882202,-0.0469265878200531,-0.16533124446868896,-0.05676233768463135,-0.138075590133667,-0.048876792192459106,-0.11527609825134277,0.010013759136199951,-0.1464865803718567,-0.030612200498580933,-0.15986508131027222,-0.03897973895072937,-0.1361578106880188,-0.03170293569564819,-0.11470431089401245,Yumruk
0.0,0.0,-0.065836101770401,-0.02633368968963623,-0.10685455799102783,-0.09568077325820923,-0.11511000990867615,-0.14785689115524292,-0.09397482872009277,-0.1623803973197937,-0.03221285343170166,-0.163102388381958,-0.09017032384872437,-0.1675097942352295,-0.09570804238319397,-0.12891685962677002,-0.08429673314094543,-0.10875862836837769,-0.006991952657699585,-0.16544044017791748,-0.06671839952468872,-0.16760486364364624,-0.07557377219200134,-0.13279598951339722,-0.06717634201049805,-0.1077771782875061,0.006419837474822998,-0.1558336615562439,-0.04577147960662842,-0.16198760271072388,-0.05756428837776184,-0.13376331329345703,-0.05161750316619873,-0.10672390460968018,0.012585461139678955,-0.14238202571868896,-0.029221296310424805,-0.15430188179016113,-0.03862205147743225,-0.13002216815948486,-0.03238287568092346,-0.10677903890609741,Yumruk
0.0,0.0,0.04987409710884094,0.0026123523712158203,0.09725776314735413,0.03469371795654297,0.1216168999671936,0.08827412128448486,0.12901118397712708,0.12124240398406982,0.1393274962902069,-0.013946056365966797,0.14366045594215393,0.09378749132156372,0.11684098839759827,0.09844779968261719,0.10430553555488586,0.08044230937957764,0.1342640519142151,-0.0077498555183410645,0.12016195058822632,0.10995429754257202,0.09221658110618591,0.09954452514648438,0.08551329374313354,0.07295745611190796,0.12097427248954773,0.0073590874671936035,0.09886875748634338,0.11755847930908203,0.07057744264602661,0.10012894868850708,0.0651845633983612,0.07142704725265503,0.10268792510032654,0.029849231243133545,0.07849135994911194,0.11124902963638306,0.05430096387863159,0.09742343425750732,0.04894077777862549,0.0727849006652832,Yumruk
0.0,0.0,0.04861435294151306,0.0047525763511657715,0.09547916054725647,0.03779786825180054,0.12048280239105225,0.0905524492263794,0.13048511743545532,0.12251400947570801,0.1365061104297638,-0.012960374355316162,0.14349430799484253,0.09035903215408325,0.1172577440738678,0.09815096855163574,0.10369405150413513,0.08303892612457275,0.13226425647735596,-0.006259918212890625,0.1214580237865448,0.1092340350151062,0.09365132451057434,0.10104453563690186,0.0856943428516388,0.07479584217071533,0.11940634250640869,0.009856760501861572,0.10079368948936462,0.11900091171264648,0.07291650772094727,0.10318577289581299,0.06693723797798157,0.074521005153656,0.10152214765548706,0.03356027603149414,0.07966098189353943,0.11448252201080322,0.055779099464416504,0.10137784481048584,0.05045405030250549,0.07622849941253662,Yumruk
0.0,0.0,-0.05265611410140991,0.05604478716850281,-0.07046252489089966,0.14034870266914368,-0.04993826150894165,0.2251063883304596,-0.026721656322479248,0.2782936990261078,-0.10409945249557495,0.1787765920162201,-0.12684836983680725,0.2930273115634918,-0.14718753099441528,0.35722115635871887,-0.1638449728488922,0.40862545371055603,-0.07811975479125977,0.1815674602985382,-0.07209512591362,0.3228849470615387,-0.07328587770462036,0.4088013470172882,-0.07362884283065796,0.4733029901981354,-0.04273325204849243,0.1745227873325348,-0.003402888774871826,0.2725183665752411,0.004461765289306641,0.23984959721565247,-0.0006237030029296875,0.20818063616752625,-0.0067084431648254395,0.1630130112171173,0.030323505401611328,0.2173665463924408,0.03838306665420532,0.19277092814445496,0.03293544054031372,0.1693112552165985,Baris Isareti
0.0,0.0,-0.06228870153427124,0.03562840819358826,-0.09557795524597168,0.10814568400382996,-0.09062361717224121,0.18445274233818054,-0.07098811864852905,0.23462215065956116,-0.13445687294006348,0.1419236958026886,-0.1757892668247223,0.23925694823265076,-0.20637065172195435,0.2952834665775299,-0.2287987470626831,0.33946678042411804,-0.11006051301956177,0.15944722294807434,-0.1334126591682434,0.2912895381450653,-0.15119346976280212,0.37190136313438416,-0.16363877058029175,0.4323989450931549,-0.07448470592498779,0.16716858744621277,-0.05031013488769531,0.2643960416316986,-0.0364760160446167,0.23578855395317078,-0.03695034980773926,0.20402857661247253,-0.035753071308135986,0.16930291056632996,-0.011142075061798096,0.22483184933662415,-0.0009084939956665039,0.19891425967216492,-0.004672408103942871,0.1718345582485199,Baris Isareti
0.0,0.0,-0.07059931755065918,-0.02184140682220459,-0.1321016550064087,0.01809138059616089,-0.15698421001434326,0.07682591676712036,-0.1591780185699463,0.1334831714630127,-0.18243944644927979,0.02311939001083374,-0.2594321370124817,0.06506896018981934,-0.3059256374835968,0.08487606048583984,-0.34003186225891113,0.10153549909591675,-0.16953539848327637,0.06699573993682861,-0.23728275299072266,0.15285319089889526,-0.2780126929283142,0.20159703493118286,-0.3102889657020569,0.23855191469192505,-0.14349740743637085,0.10526496171951294,-0.15840226411819458,0.17841988801956177,-0.1349390745162964,0.15972399711608887,-0.12039953470230103,0.13402289152145386,-0.112332284450531,0.1376623511314392,-0.1108543872833252,0.17240339517593384,-0.09088349342346191,0.1526639461517334,-0.0804293155670166,0.12829720973968506,Baris Isareti
0.0,0.0,-0.052065253257751465,-0.08140534162521362,-0.11702048778533936,-0.10281252861022949,-0.15526890754699707,-0.0797765851020813,-0.17661380767822266,-0.03885304927825928,-0.15343624353408813,-0.1404748558998108,-0.22854256629943848,-0.175531268119812,-0.2716921865940094,-0.19617724418640137,-0.30667489767074585,-0.20967906713485718,-0.16599172353744507,-0.09131467342376709,-0.24987488985061646,-0.10373973846435547,-0.3012540340423584,-0.10921680927276611,-0.3393503427505493,-0.11278098821640015,-0.16499799489974976,-0.03578627109527588,-0.20594263076782227,-0.015976250171661377,-0.1796073317527771,-0.008305013179779053,-0.1537165641784668,-0.007920622825622559,-0.15497523546218872,0.01940000057220459,-0.16425704956054688,0.029103398323059082,-0.1421147584915161,0.02824348211288452,-0.12234103679656982,0.02156728506088257,Baris Isareti
0.0,0.0,-0.006341457366943359,-0.10507208108901978,-0.041442692279815674,-0.1747947335243225,-0.08288884162902832,-0.1873292326927185,-0.1184127926826477,-0.17202740907669067,-0.047390103340148926,-0.22771108150482178,-0.08165204524993896,-0.32240360975265503,-0.10024207830429077,-0.37589865922927856,-0.11648041009902954,-0.4177760183811188,-0.08088183403015137,-0.20321983098983765,-0.13628709316253662,-0.28736650943756104,-0.16530799865722656,-0.3341596722602844,-0.18621861934661865,-0.3695358633995056,-0.10844826698303223,-0.16389775276184082,-0.142697274684906,-0.1862303614616394,-0.1241040825843811,-0.15619194507598877,-0.10529756546020508,-0.13147753477096558,-0.13125938177108765,-0.1189659833908081,-0.14292174577713013,-0.12656384706497192,-0.12507611513137817,-0.1065669059753418,-0.10905122756958008,-0.0900755524635315,Baris Isareti
0.0,0.0,0.03406631946563721,-0.08459073305130005,0.0289650559425354,-0.16579675674438477,-0.006090342998504639,-0.19605505466461182,-0.04237043857574463,-0.2012147307395935,0.04374426603317261,-0.20652824640274048,0.04608118534088135,-0.30970656871795654,0.04685157537460327,-0.36776572465896606,0.04610419273376465,-0.4119921326637268,0.0032764077186584473,-0.20847219228744507,-0.010281085968017578,-0.31675058603286743,-0.019956588745117188,-0.37801408767700195,-0.02761220932006836,-0.42324644327163696,-0.036383628845214844,-0.19350272417068481,-0.06014609336853027,-0.24630457162857056,-0.05368340015411377,-0.21084648370742798,-0.04575479030609131,-0.17878764867782593,-0.07121670246124268,-0.16841000318527222,-0.07822883129119873,-0.18518418073654175,-0.06859797239303589,-0.15778619050979614,-0.058746278285980225,-0.1344161033630371,Baris Isareti
0.0,0.0,-0.05166339874267578,-0.040033578872680664,-0.08205461502075195,-0.11553692817687988,-0.07279294729232788,-0.1860259771347046,-0.04169654846191406,-0.2248207926750183,-0.047594666481018066,-0.2055734395980835,-0.06520932912826538,-0.30184656381607056,-0.07619839906692505,-0.3593113422393799,-0.08165675401687622,-0.4082603454589844,-0.010101914405822754,-0.20420438051223755,-0.02053976058959961,-0.3140738010406494,-0.02567368745803833,-0.38018810749053955,-0.027027487754821777,-0.4347940683364868,0.025466203689575195,-0.18515098094940186,-0.01755005121231079,-0.21799033880233765,-0.04317927360534668,-0.15769028663635254,-0.05173569917678833,-0.10883653163909912,0.053168296813964844,-0.1555922031402588,0.0006252527236938477,-0.1691088080406189,-0.029301345348358154,-0.12589985132217407,-0.04284024238586426,-0.08901923894882202,Baris Isareti
0.0,0.0,-0.05355548858642578,0.03126555681228638,-0.10485684871673584,0.036454856395721436,-0.12351846694946289,-0.006438136100769043,-0.1302776336669922,-0.055654287338256836,-0.16445165872573853,-0.039822936058044434,-0.23575255274772644,-0.05651438236236572,-0.28004443645477295,-0.06554198265075684,-0.3177473843097687,-0.07729077339172363,-0.14728236198425293,-0.08729976415634155,-0.2186347246170044,-0.1261652708053589,-0.2628464698791504,-0.14902359247207642,-0.29955142736434937,-0.17373144626617432,-0.11433273553848267,-0.11962556838989258,-0.14289456605911255,-0.10808122158050537,-0.11962699890136719,-0.06384176015853882,-0.09832221269607544,-0.03798764944076538,-0.07371509075164795,-0.13919031620025635,-0.08495974540710449,-0.09793466329574585,-0.07086813449859619,-0.049663662910461426,-0.056482672691345215,-0.021182715892791748,Baris Isareti
0.0,0.0,-0.022911429405212402,0.06050586700439453,-0.06410253047943115,0.11027330160140991,-0.11251556873321533,0.10829877853393555,-0.15554767847061157,0.09616225957870483,-0.14795923233032227,0.10970640182495117,-0.21286872029304504,0.16438913345336914,-0.2526811957359314,0.19693028926849365,-0.2891673147678375,0.21979618072509766,-0.15783536434173584,0.058119893074035645,-0.23153305053710938,0.10506290197372437,-0.27444684505462646,0.13684946298599243,-0.3128426671028137,0.15942031145095825,-0.1490476131439209,0.003415346145629883,-0.1625913381576538,0.05342453718185425,-0.11127585172653198,0.07528883218765259,-0.07509809732437134,0.08088809251785278,-0.1281915307044983,-0.046777427196502686,-0.1199805736541748,0.007376670837402344,-0.08124649524688721,0.04093790054321289,-0.054093897342681885,0.05476486682891846,Baris Isareti
0.0,0.0,-0.0006771683692932129,0.06817376613616943,-0.018517494201660156,0.1309545636177063,-0.056138455867767334,0.15595638751983643,-0.09366726875305176,0.17327940464019775,-0.0916106104850769,0.1826440691947937,-0.12623149156570435,0.2694070339202881,-0.14849859476089478,0.32286471128463745,-0.17081058025360107,0.36586707830429077,-0.1139993667602539,0.14628010988235474,-0.168707937002182,0.2253594994544983,-0.1993422508239746,0.2733581066131592,-0.22828340530395508,0.31036102771759033,-0.12071001529693604,0.09468114376068115,-0.1479644775390625,0.14640992879867554,-0.09974437952041626,0.13240176439285278,-0.06650447845458984,0.11462807655334473,-0.11668765544891357,0.03700721263885498,-0.11603796482086182,0.07956075668334961,-0.07617402076721191,0.08737093210220337,-0.04744875431060791,0.0872565507888794,Baris Isareti
0.0,0.0,0.04446956515312195,0.0654529333114624,0.048538416624069214,0.15192151069641113,0.014106810092926025,0.21133553981781006,-0.01934117078781128,0.2501475214958191,0.08053651452064514,0.18535107374191284,0.07927107810974121,0.2978295683860779,0.08140799403190613,0.3652127981185913,0.08522412180900574,0.4182291030883789,0.046380072832107544,0.1937922239303589,0.0353107750415802,0.3187859058380127,0.028864145278930664,0.3918720483779907,0.024768829345703125,0.4499204158782959,0.007497042417526245,0.18607616424560547,-0.024390816688537598,0.2639215588569641,-0.025444835424423218,0.22188228368759155,-0.017550170421600342,0.18387305736541748,-0.029800385236740112,0.1679847240447998,-0.04925483465194702,0.19571906328201294,-0.045945048332214355,0.16742593050003052,-0.037955135107040405,0.14560860395431519,Baris Isareti
0.0,0.0,0.06324487924575806,0.014335095882415771,0.10877662897109985,0.07494121789932251,0.11758628487586975,0.1386752724647522,0.11269867420196533,0.18843024969100952,0.1446305215358734,0.08678692579269409,0.20395314693450928,0.13624024391174316,0.24234530329704285,0.16558575630187988,0.27408942580223083,0.1879292130470276,0.12857186794281006,0.11920487880706787,0.17653590440750122,0.2026425004005432,0.2063731849193573,0.24852991104125977,0.2320251762866974,0.2839282751083374,0.10075151920318604,0.14168697595596313,0.09358450770378113,0.2205377221107483,0.06960734724998474,0.2060532569885254,0.05829513072967529,0.1825411319732666,0.06742843985557556,0.1564856767654419,0.052700191736221313,0.2099066972732544,0.035563141107559204,0.19482797384262085,0.029575973749160767,0.172890305519104,Baris Isareti
0.0,0.0,0.04130396246910095,-0.0859711766242981,0.10222868621349335,-0.11246001720428467,0.1418694108724594,-0.09876769781112671,0.16616813838481903,-0.07210230827331543,0.1321946233510971,-0.15134155750274658,0.1857903152704239,-0.21540194749832153,0.2199885994195938,-0.25733816623687744,0.24805061519145966,-0.2875521183013916,0.15389515459537506,-0.10808330774307251,0.23239387571811676,-0.13497871160507202,0.28021009266376495,-0.14933866262435913,0.3157750219106674,-0.15489411354064941,0.1598425656557083,-0.055790603160858154,0.19902609288692474,-0.044266700744628906,0.1765047162771225,-0.04108238220214844,0.15329213440418243,-0.04019957780838013,0.1558026522397995,-0.005128383636474609,0.16660572588443756,-0.0024303197860717773,0.1474422961473465,-0.0016176104545593262,0.12949733436107635,-0.001231372356414795,Baris Isareti
0.0,0.0,-0.0039469897747039795,-0.09328353404998779,0.019197553396224976,-0.15182703733444214,0.05605316162109375,-0.16474491357803345,0.08511194586753845,-0.1541876196861267,0.022779256105422974,-0.19332051277160645,0.03643798828125,-0.2857629060745239,0.04453572630882263,-0.34072381258010864,0.05183136463165283,-0.38339900970458984,0.06054985523223877,-0.1745501160621643,0.1075814962387085,-0.2554666996002197,0.1356307566165924,-0.30123525857925415,0.15758463740348816,-0.33498507738113403,0.08941996097564697,-0.13998156785964966,0.12381210923194885,-0.16182029247283936,0.11066225171089172,-0.1444874405860901,0.09407222270965576,-0.12806165218353271,0.10974329710006714,-0.09995454549789429,0.12277776002883911,-0.10631507635116577,0.1104949414730072,-0.09362196922302246,0.09746977686882019,-0.08159953355789185,Baris Isareti
0.0,0.0,-0.026525437831878662,-0.08636176586151123,-0.01642286777496338,-0.1547994613647461,0.020716995000839233,-0.1769055724143982,0.05630233883857727,-0.17602086067199707,-0.02609729766845703,-0.19434964656829834,-0.03362017869949341,-0.29458147287368774,-0.04037699103355408,-0.35292893648147583,-0.04478350281715393,-0.3989637792110443,0.018301934003829956,-0.19380396604537964,0.0390227735042572,-0.3007463812828064,0.05165362358093262,-0.36128419637680054,0.06281861662864685,-0.40610888600349426,0.0583309531211853,-0.17072707414627075,0.07902958989143372,-0.21256661415100098,0.06724539399147034,-0.1869712471961975,0.054474979639053345,-0.16111862659454346,0.08958578109741211,-0.13737523555755615,0.08453026413917542,-0.1413435935974121,0.07207134366035461,-0.12137871980667114,0.0637454092502594,-0.10274779796600342,Baris Isareti
0.0,0.0,0.04826176166534424,-0.03110426664352417,0.0727335512638092,-0.11328816413879395,0.050198256969451904,-0.1880689263343811,0.012383252382278442,-0.23520350456237793,0.08131799101829529,-0.2081635594367981,0.11185210943222046,-0.297355592250824,0.12561649084091187,-0.3536972999572754,0.13340923190116882,-0.4035748839378357,0.03981617093086243,-0.213128924369812,0.040515244007110596,-0.32309770584106445,0.043107032775878906,-0.3860999643802643,0.042700111865997314,-0.438324511051178,0.0007027536630630493,-0.19381201267242432,0.005764305591583252,-0.25159168243408203,0.018819302320480347,-0.18911421298980713,0.0226823091506958,-0.14292627573013306,-0.03258638083934784,-0.16034972667694092,-0.012583017349243164,-0.16956573724746704,0.0060964226722717285,-0.11619412899017334,0.014967858791351318,-0.07776695489883423,Baris Isareti
0.0,0.0,0.04592537879943848,0.008313477039337158,0.0952831506729126,-0.016875088214874268,0.10776969790458679,-0.07552486658096313,0.09831950068473816,-0.13478797674179077,0.15570929646492004,-0.08349013328552246,0.21767330169677734,-0.11436784267425537,0.253281831741333,-0.13100290298461914,0.28167665004730225,-0.15216165781021118,0.1292426586151123,-0.12904858589172363,0.1848568320274353,-0.20553970336914062,0.22006607055664062,-0.2462257742881775,0.2453463077545166,-0.2836053967475891,0.09027096629142761,-0.150107741355896,0.11056751012802124,-0.15976077318191528,0.0973016619682312,-0.11541825532913208,0.0826210081577301,-0.08881926536560059,0.0487956702709198,-0.15026777982711792,0.05199635028839111,-0.10553997755050659,0.03789076209068298,-0.05113482475280762,0.02595500648021698,-0.017635583877563477,Baris Isareti
0.0,0.0,0.02656225860118866,0.05280405282974243,0.0716942697763443,0.07993245124816895,0.10948343575000763,0.04292875528335571,0.1355784386396408,-0.003564000129699707,0.15652601420879364,0.07571595907211304,0.21923629939556122,0.11980950832366943,0.25763364136219025,0.1420801877975464,0.29122109711170197,0.15344709157943726,0.1580231934785843,0.018518567085266113,0.23769314587116241,0.02166604995727539,0.2838713675737381,0.025556564331054688,0.3176819235086441,0.02256995439529419,0.1381584256887436,-0.0315399169921875,0.15209566056728363,-0.014188766479492188,0.11586590111255646,0.008553743362426758,0.08708365261554718,0.016335666179656982,0.10684157907962799,-0.07085525989532471,0.09615860879421234,-0.035463929176330566,0.06233195960521698,-0.003547072410583496,0.036945655941963196,0.0120621919631958,Baris Isareti
0.0,0.0,-0.02162608504295349,0.05790454149246216,-0.018595635890960693,0.12847751379013062,0.015470921993255615,0.15090429782867432,0.057145118713378906,0.14957547187805176,0.031445443630218506,0.20736932754516602,0.02944442629814148,0.3037809133529663,0.03308790922164917,0.35827285051345825,0.04031401872634888,0.4031715393066406,0.06660139560699463,0.18361937999725342,0.0990011990070343,0.27467477321624756,0.11680006980895996,0.3286435008049011,0.1345340609550476,0.36961179971694946,0.08679214119911194,0.1417766809463501,0.0932009220123291,0.17737942934036255,0.06725326180458069,0.15016376972198486,0.05264860391616821,0.12484627962112427,0.09382304549217224,0.09216278791427612,0.07528215646743774,0.10269850492477417,0.04531770944595337,0.08637124300003052,0.028154045343399048,0.0711326003074646,Baris Isareti
